-- MySQL dump 10.13  Distrib 8.0.34, for Linux (x86_64)
--
-- Host: database-1.cktq4evzprzg.ap-northeast-2.rds.amazonaws.com    Database: eda_project
-- ------------------------------------------------------
-- Server version	8.0.33

/*!40101 SET @OLD_CHARACTER_SET_CLIENT=@@CHARACTER_SET_CLIENT */;
/*!40101 SET @OLD_CHARACTER_SET_RESULTS=@@CHARACTER_SET_RESULTS */;
/*!40101 SET @OLD_COLLATION_CONNECTION=@@COLLATION_CONNECTION */;
/*!50503 SET NAMES utf8mb4 */;
/*!40103 SET @OLD_TIME_ZONE=@@TIME_ZONE */;
/*!40103 SET TIME_ZONE='+00:00' */;
/*!40014 SET @OLD_UNIQUE_CHECKS=@@UNIQUE_CHECKS, UNIQUE_CHECKS=0 */;
/*!40014 SET @OLD_FOREIGN_KEY_CHECKS=@@FOREIGN_KEY_CHECKS, FOREIGN_KEY_CHECKS=0 */;
/*!40101 SET @OLD_SQL_MODE=@@SQL_MODE, SQL_MODE='NO_AUTO_VALUE_ON_ZERO' */;
/*!40111 SET @OLD_SQL_NOTES=@@SQL_NOTES, SQL_NOTES=0 */;

--
-- Table structure for table `home_age_and_members`
--

DROP TABLE IF EXISTS `home_age_and_members`;
/*!40101 SET @saved_cs_client     = @@character_set_client */;
/*!50503 SET character_set_client = utf8mb4 */;
CREATE TABLE `home_age_and_members` (
  `id` int NOT NULL AUTO_INCREMENT,
  `region_id` int DEFAULT NULL,
  `region_name` varchar(8) COLLATE utf8mb4_general_ci NOT NULL,
  `age` varchar(8) COLLATE utf8mb4_general_ci DEFAULT NULL,
  `age_group` int DEFAULT NULL,
  `member_one` int DEFAULT NULL,
  `member_two` int DEFAULT NULL,
  `member_three` int DEFAULT NULL,
  `member_four` int DEFAULT NULL,
  `member_five` int DEFAULT NULL,
  `member_six` int DEFAULT NULL,
  `member_seven` int DEFAULT NULL,
  PRIMARY KEY (`id`),
  KEY `fk_home_age_and_members` (`region_id`),
  CONSTRAINT `fk_home_age_and_members` FOREIGN KEY (`region_id`) REFERENCES `ko_region` (`id`) ON DELETE CASCADE ON UPDATE CASCADE
) ENGINE=InnoDB AUTO_INCREMENT=321 DEFAULT CHARSET=utf8mb4 COLLATE=utf8mb4_general_ci;
/*!40101 SET character_set_client = @saved_cs_client */;

--
-- Dumping data for table `home_age_and_members`
--

LOCK TABLES `home_age_and_members` WRITE;
/*!40000 ALTER TABLE `home_age_and_members` DISABLE KEYS */;
INSERT INTO `home_age_and_members` VALUES (1,1,'읍부','15세미만',10,5,8,0,0,0,0,0),(2,1,'읍부','15~19세',10,4477,329,70,15,0,0,0),(3,1,'읍부','20~24세',20,33147,4452,1786,821,130,17,6),(4,1,'읍부','25~29세',20,59913,17041,7911,3431,531,102,30),(5,1,'읍부','30~34세',30,55950,28182,21730,12353,2379,381,105),(6,1,'읍부','35~39세',30,43119,27104,36222,35541,8615,1373,381),(7,1,'읍부','40~44세',40,46841,32196,45887,62475,17547,2961,713),(8,1,'읍부','45~49세',40,49272,42763,50335,57471,16127,2727,677),(9,1,'읍부','50~54세',50,60392,66335,62116,46060,11052,1888,452),(10,1,'읍부','55~59세',50,61365,77695,52703,28312,5856,1007,256),(11,1,'읍부','60~64세',60,70165,100431,45698,16393,3264,762,228),(12,1,'읍부','65~69세',65,58098,83439,25655,6740,1724,668,244),(13,1,'읍부','70~74세',65,45706,63499,15965,3937,1272,615,245),(14,1,'읍부','75~79세',65,38540,46555,11540,3009,1112,487,213),(15,1,'읍부','80~84세',65,38187,33947,8821,2535,1000,408,169),(16,1,'읍부','85세 이상',65,28906,17521,4986,1704,609,221,66),(17,2,'면부','15세미만',10,7,5,0,0,0,0,0),(18,2,'면부','15~19세',10,4912,239,50,28,12,0,0),(19,2,'면부','20~24세',20,27524,3268,1104,436,83,11,7),(20,2,'면부','25~29세',20,34821,10128,4082,1651,321,67,28),(21,2,'면부','30~34세',30,31211,14967,10838,6103,1332,283,99),(22,2,'면부','35~39세',30,25838,14882,16534,15865,4364,938,278),(23,2,'면부','40~44세',40,30294,19524,20294,25634,8251,1844,552),(24,2,'면부','45~49세',40,37230,29395,23635,23468,8183,1945,642),(25,2,'면부','50~54세',50,55574,53787,34602,22242,6783,1656,509),(26,2,'면부','55~59세',50,71357,80190,39757,18123,4567,1052,333),(27,2,'면부','60~64세',60,94382,127667,45402,14330,3447,927,330),(28,2,'면부','65~69세',65,82884,116301,31021,7559,2061,763,380),(29,2,'면부','70~74세',65,70049,98550,21889,4670,1613,762,347),(30,2,'면부','75~79세',65,67408,75864,16400,3772,1388,680,300),(31,2,'면부','80~84세',65,80909,65470,14943,3833,1490,622,284),(32,2,'면부','85세 이상',65,70509,38092,10180,3011,1119,414,144),(33,3,'동부','15세미만',10,53,60,16,0,0,0,0),(34,3,'동부','15~19세',10,43634,2140,368,91,35,0,0),(35,3,'동부','20~24세',20,424837,50225,12708,4764,781,86,23),(36,3,'동부','25~29세',20,806310,191507,61022,22438,3658,553,129),(37,3,'동부','30~34세',30,687549,319442,192663,86412,14097,2227,648),(38,3,'동부','35~39세',30,455179,271482,340192,279228,53954,8830,2039),(39,3,'동부','40~44세',40,417338,265698,405704,513356,120786,19550,4279),(40,3,'동부','45~49세',40,396602,314080,426787,517624,124164,19971,3931),(41,3,'동부','50~54세',50,452132,480468,562258,474375,98415,14983,2954),(42,3,'동부','55~59세',50,436685,547458,501381,330980,58530,8325,1701),(43,3,'동부','60~64세',60,510819,713586,437629,192963,31574,5769,1419),(44,3,'동부','65~69세',65,436259,617432,245966,72152,14881,4488,1415),(45,3,'동부','70~74세',65,327096,459808,138834,35440,10225,3939,1250),(46,3,'동부','75~79세',65,260185,323982,90625,23928,8048,3217,982),(47,3,'동부','80~84세',65,220125,214028,58716,16803,6178,2242,718),(48,3,'동부','85세 이상',65,148555,99470,27514,8619,3102,985,308),(49,4,'서울특별시','15세미만',10,28,24,5,0,0,0,0),(50,4,'서울특별시','15~19세',10,12844,424,61,13,7,0,0),(51,4,'서울특별시','20~24세',20,129586,13597,2459,918,167,17,7),(52,4,'서울특별시','25~29세',20,275723,53026,11276,3958,634,77,18),(53,4,'서울특별시','30~34세',30,224798,88409,36786,12468,1975,325,86),(54,4,'서울특별시','35~39세',30,133594,72357,72881,44914,7909,1492,353),(55,4,'서울특별시','40~44세',40,104993,61284,84595,88744,19054,3485,764),(56,4,'서울특별시','45~49세',40,88732,63671,86613,101396,22578,4105,798),(57,4,'서울특별시','50~54세',50,93831,90568,114500,106472,21940,3525,708),(58,4,'서울특별시','55~59세',50,86408,97110,105162,82286,14883,2173,425),(59,4,'서울특별시','60~64세',60,104578,133768,101964,54275,8936,1510,312),(60,4,'서울특별시','65~69세',65,95561,133580,67094,22529,4399,1171,341),(61,4,'서울특별시','70~74세',65,73327,107602,40016,11234,2962,1099,340),(62,4,'서울특별시','75~79세',65,60023,81431,27129,7592,2592,1039,306),(63,4,'서울특별시','80~84세',65,47777,54210,17975,5389,1973,768,215),(64,4,'서울특별시','85세 이상',65,32384,25348,7963,2618,1001,366,98),(65,5,'부산광역시','15세미만',10,0,0,0,0,0,0,0),(66,5,'부산광역시','15~19세',10,3521,133,17,0,0,0,0),(67,5,'부산광역시','20~24세',20,37333,3960,893,328,44,5,0),(68,5,'부산광역시','25~29세',20,55655,13062,4055,1358,209,26,9),(69,5,'부산광역시','30~34세',30,44373,21277,13357,5472,821,124,39),(70,5,'부산광역시','35~39세',30,29233,17949,23739,18620,3296,479,116),(71,5,'부산광역시','40~44세',40,29017,19266,29609,36372,7874,1271,267),(72,5,'부산광역시','45~49세',40,28358,22861,29812,35446,8072,1299,289),(73,5,'부산광역시','50~54세',50,35480,36273,40466,32972,6490,1006,199),(74,5,'부산광역시','55~59세',50,37476,45104,38674,23788,3952,523,105),(75,5,'부산광역시','60~64세',60,50689,67580,38244,14834,2199,375,89),(76,5,'부산광역시','65~69세',65,49803,66635,23809,6000,1158,327,96),(77,5,'부산광역시','70~74세',65,39553,52307,14481,3269,902,352,94),(78,5,'부산광역시','75~79세',65,30608,35746,9120,2313,710,251,77),(79,5,'부산광역시','80~84세',65,25442,22699,5754,1572,580,177,47),(80,5,'부산광역시','85세 이상',65,15203,9415,2431,723,247,56,23),(81,6,'대구광역시','15세미만',10,0,0,0,0,0,0,0),(82,6,'대구광역시','15~19세',10,2484,103,19,0,0,0,0),(83,6,'대구광역시','20~24세',20,22337,2416,614,191,35,0,0),(84,6,'대구광역시','25~29세',20,36202,8197,2719,893,130,19,5),(85,6,'대구광역시','30~34세',30,30287,13668,9690,4335,587,86,21),(86,6,'대구광역시','35~39세',30,20521,11493,17300,14887,2633,396,79),(87,6,'대구광역시','40~44세',40,20199,12294,21553,28283,6162,919,203),(88,6,'대구광역시','45~49세',40,21323,16518,23687,30121,6448,981,153),(89,6,'대구광역시','50~54세',50,26898,27708,33338,27907,5333,721,110),(90,6,'대구광역시','55~59세',50,28350,34783,31087,18974,3227,405,73),(91,6,'대구광역시','60~64세',60,33968,46545,27011,10188,1605,300,72),(92,6,'대구광역시','65~69세',65,29791,41277,14607,3774,774,277,74),(93,6,'대구광역시','70~74세',65,23638,32211,8646,1942,610,241,86),(94,6,'대구광역시','75~79세',65,17952,21115,5232,1276,433,192,49),(95,6,'대구광역시','80~84세',65,16581,14669,3610,1107,370,132,34),(96,6,'대구광역시','85세 이상',65,11135,6780,1639,522,187,60,10),(97,7,'인천광역시','15세미만',10,0,0,0,0,0,0,0),(98,7,'인천광역시','15~19세',10,1641,130,26,0,5,0,0),(99,7,'인천광역시','20~24세',20,17146,3202,1033,407,74,14,0),(100,7,'인천광역시','25~29세',20,40818,13696,5322,2019,387,49,10),(101,7,'인천광역시','30~34세',30,39117,22969,14891,6943,1267,173,60),(102,7,'인천광역시','35~39세',30,27779,20016,24519,20010,4152,728,156),(103,7,'인천광역시','40~44세',40,27629,20869,29852,35939,9001,1499,342),(104,7,'인천광역시','45~49세',40,27026,23931,30702,35678,8974,1387,290),(105,7,'인천광역시','50~54세',50,31782,35030,39520,33111,6723,1043,222),(106,7,'인천광역시','55~59세',50,31987,40756,37445,25119,4355,596,138),(107,7,'인천광역시','60~64세',60,37758,53791,33950,15143,2311,480,110),(108,7,'인천광역시','65~69세',65,30340,42688,17463,5104,1033,329,93),(109,7,'인천광역시','70~74세',65,21407,29761,9194,2419,680,263,88),(110,7,'인천광역시','75~79세',65,17349,20845,6029,1534,476,211,68),(111,7,'인천광역시','80~84세',65,14287,13032,3725,1039,389,145,37),(112,7,'인천광역시','85세 이상',65,10324,6524,1759,555,195,66,20),(113,8,'광주광역시','15세미만',10,0,0,0,0,0,0,0),(114,8,'광주광역시','15~19세',10,1808,120,24,5,0,0,0),(115,8,'광주광역시','20~24세',20,17654,2475,666,256,41,0,0),(116,8,'광주광역시','25~29세',20,28028,7189,2570,924,143,24,8),(117,8,'광주광역시','30~34세',30,22296,9337,6300,3211,534,81,23),(118,8,'광주광역시','35~39세',30,16207,8288,10612,10345,2223,321,79),(119,8,'광주광역시','40~44세',40,15873,9068,13344,18897,4856,715,137),(120,8,'광주광역시','45~49세',40,15323,11611,14988,19633,5090,721,141),(121,8,'광주광역시','50~54세',50,17476,18269,19418,16656,3923,544,99),(122,8,'광주광역시','55~59세',50,16923,21212,16824,9963,2143,289,61),(123,8,'광주광역시','60~64세',60,18906,25499,12958,5381,1005,182,49),(124,8,'광주광역시','65~69세',65,14909,19927,6832,1912,414,139,40),(125,8,'광주광역시','70~74세',65,11853,16169,4270,1037,298,98,40),(126,8,'광주광역시','75~79세',65,9679,11614,2800,764,224,83,24),(127,8,'광주광역시','80~84세',65,8702,8137,1891,472,173,46,19),(128,8,'광주광역시','85세 이상',65,5827,3685,843,251,72,25,5),(129,9,'대전광역시','15세미만',10,0,0,0,0,0,0,0),(130,9,'대전광역시','15~19세',10,3890,82,15,5,0,0,0),(131,9,'대전광역시','20~24세',20,31332,2317,506,191,18,0,0),(132,9,'대전광역시','25~29세',20,38444,7371,2285,834,121,22,9),(133,9,'대전광역시','30~34세',30,26840,10731,6831,3180,538,82,22),(134,9,'대전광역시','35~39세',30,16396,8449,10805,9951,1986,331,78),(135,9,'대전광역시','40~44세',40,14754,8688,12760,17609,4284,711,129),(136,9,'대전광역시','45~49세',40,14452,10754,14685,17985,4623,750,139),(137,9,'대전광역시','50~54세',50,17001,17821,19683,15852,3311,505,106),(138,9,'대전광역시','55~59세',50,16108,20699,16505,9226,1691,200,46),(139,9,'대전광역시','60~64세',60,19411,26991,13879,5148,880,166,40),(140,9,'대전광역시','65~69세',65,16085,22819,7616,2022,431,128,55),(141,9,'대전광역시','70~74세',65,11670,16342,4198,1022,316,112,31),(142,9,'대전광역시','75~79세',65,8960,10993,2773,656,226,82,20),(143,9,'대전광역시','80~84세',65,7960,7562,1811,531,172,73,24),(144,9,'대전광역시','85세 이상',65,5702,3532,903,262,91,23,13),(145,10,'울산광역시','15세미만',10,0,0,0,0,0,0,0),(146,10,'울산광역시','15~19세',10,327,47,7,0,0,0,0),(147,10,'울산광역시','20~24세',20,5123,795,242,84,5,0,0),(148,10,'울산광역시','25~29세',20,14171,3567,1379,495,66,10,0),(149,10,'울산광역시','30~34세',30,13177,6576,5442,2637,334,56,15),(150,10,'울산광역시','35~39세',30,9757,5472,9173,8997,1452,187,41),(151,10,'울산광역시','40~44세',40,10476,5831,10882,16325,3436,435,69),(152,10,'울산광역시','45~49세',40,10508,7872,11456,14276,3098,413,64),(153,10,'울산광역시','50~54세',50,12556,14160,16317,11926,1977,279,51),(154,10,'울산광역시','55~59세',50,12509,18771,16682,8804,1171,156,24),(155,10,'울산광역시','60~64세',60,14525,24141,13007,4341,607,135,37),(156,10,'울산광역시','65~69세',65,12042,19316,6345,1547,306,93,26),(157,10,'울산광역시','70~74세',65,8458,12992,3325,764,201,95,24),(158,10,'울산광역시','75~79세',65,5881,7304,1859,478,154,67,22),(159,10,'울산광역시','80~84세',65,4685,4267,1084,314,120,53,13),(160,10,'울산광역시','85세 이상',65,2900,1614,451,160,50,17,8),(161,11,'세종특별자치시','15세미만',10,0,0,0,0,0,0,0),(162,11,'세종특별자치시','15~19세',10,813,22,0,0,0,0,0),(163,11,'세종특별자치시','20~24세',20,5999,333,105,36,12,0,0),(164,11,'세종특별자치시','25~29세',20,7960,1608,617,192,36,8,0),(165,11,'세종특별자치시','30~34세',30,7446,3295,2650,1296,231,32,14),(166,11,'세종특별자치시','35~39세',30,4625,2841,4825,4667,904,123,20),(167,11,'세종특별자치시','40~44세',40,3956,2511,5300,8026,2072,258,66),(168,11,'세종특별자치시','45~49세',40,3376,2843,4684,6614,1645,230,41),(169,11,'세종특별자치시','50~54세',50,3517,4224,4804,3800,856,108,25),(170,11,'세종특별자치시','55~59세',50,2842,4547,3125,1500,267,51,13),(171,11,'세종특별자치시','60~64세',60,2908,5278,2162,694,140,32,10),(172,11,'세종특별자치시','65~69세',65,2323,4181,1053,287,70,35,12),(173,11,'세종특별자치시','70~74세',65,1597,2767,604,140,43,19,11),(174,11,'세종특별자치시','75~79세',65,1208,1624,351,89,36,14,0),(175,11,'세종특별자치시','80~84세',65,1141,1079,302,92,27,11,6),(176,11,'세종특별자치시','85세 이상',65,850,555,168,48,21,10,0),(177,12,'경기도','15세미만',10,16,19,5,0,0,0,0),(178,12,'경기도','15~19세',10,8812,603,105,34,16,0,0),(179,12,'경기도','20~24세',20,79028,12727,4018,1693,317,31,9),(180,12,'경기도','25~29세',20,194790,57701,20975,8426,1362,266,67),(181,12,'경기도','30~34세',30,190217,106326,68954,31778,5391,980,273),(182,12,'경기도','35~39세',30,133772,91970,120238,99098,19874,3447,859),(183,12,'경기도','40~44세',40,127857,89821,141801,180500,43206,7390,1768),(184,12,'경기도','45~49세',40,122445,102419,143898,181105,44579,7439,1594),(185,12,'경기도','50~54세',50,137570,150124,185210,166131,35875,5725,1180),(186,12,'경기도','55~59세',50,130022,168410,163406,116701,21264,3220,690),(187,12,'경기도','60~64세',60,145258,216625,140621,65516,11278,2098,566),(188,12,'경기도','65~69세',65,117335,177889,73589,22412,4877,1553,545),(189,12,'경기도','70~74세',65,82941,125017,38075,9983,3059,1273,443),(190,12,'경기도','75~79세',65,67295,90838,25835,6942,2493,1029,372),(191,12,'경기도','80~84세',65,56989,60594,17069,4939,1883,757,301),(192,12,'경기도','85세 이상',65,39800,29779,8961,2960,1147,351,128),(193,13,'강원도','15세미만',10,0,0,0,0,0,0,0),(194,13,'강원도','15~19세',10,1631,94,22,7,0,0,0),(195,13,'강원도','20~24세',20,18422,1648,489,208,22,0,0),(196,13,'강원도','25~29세',20,22521,5494,2301,933,175,23,6),(197,13,'강원도','30~34세',30,17243,8186,6004,3553,656,114,29),(198,13,'강원도','35~39세',30,11906,7349,8988,8930,2026,358,93),(199,13,'강원도','40~44세',40,12943,8908,11275,14576,4048,664,158),(200,13,'강원도','45~49세',40,14884,12623,13527,14153,3808,643,152),(201,13,'강원도','50~54세',50,20006,20981,17966,11871,2762,483,107),(202,13,'강원도','55~59세',50,22772,25869,15901,7582,1513,289,79),(203,13,'강원도','60~64세',60,28763,36686,14905,5071,1004,247,91),(204,13,'강원도','65~69세',65,23999,31796,9473,2275,568,219,83),(205,13,'강원도','70~74세',65,17078,21631,5209,1149,356,163,71),(206,13,'강원도','75~79세',65,15829,18513,4187,1017,379,133,61),(207,13,'강원도','80~84세',65,15379,13551,3174,901,352,131,59),(208,13,'강원도','85세 이상',65,11064,6625,1827,591,205,67,28),(209,14,'충청북도','15세미만',10,0,0,0,0,0,0,0),(210,14,'충청북도','15~19세',10,1946,88,13,5,0,0,0),(211,14,'충청북도','20~24세',20,17565,1814,550,206,37,8,0),(212,14,'충청북도','25~29세',20,29960,6794,2689,1004,171,19,0),(213,14,'충청북도','30~34세',30,23588,9757,7242,4071,743,100,33),(214,14,'충청북도','35~39세',30,15742,8332,10832,11183,2557,405,89),(215,14,'충청북도','40~44세',40,15163,9225,12492,17768,5021,856,196),(216,14,'충청북도','45~49세',40,15880,12738,14814,16519,4634,748,198),(217,14,'충청북도','50~54세',50,20140,20592,19314,13896,3189,513,119),(218,14,'충청북도','55~59세',50,21806,25647,17104,8617,1657,275,73),(219,14,'충청북도','60~64세',60,25782,35658,14942,4976,966,194,81),(220,14,'충청북도','65~69세',65,20951,30091,8548,2042,487,188,74),(221,14,'충청북도','70~74세',65,14792,21035,4879,1130,368,146,56),(222,14,'충청북도','75~79세',65,13375,15095,3320,802,316,126,46),(223,14,'충청북도','80~84세',65,13665,11288,2753,712,322,116,49),(224,14,'충청북도','85세 이상',65,10592,5865,1563,475,159,65,25),(225,15,'충청남도','15세미만',10,5,0,0,0,0,0,0),(226,15,'충청남도','15~19세',10,3404,140,23,10,0,0,0),(227,15,'충청남도','20~24세',20,23999,2523,787,292,62,9,0),(228,15,'충청남도','25~29세',20,34523,8434,3248,1287,220,44,12),(229,15,'충청남도','30~34세',30,29871,12955,9713,5457,958,160,53),(230,15,'충청남도','35~39세',30,22277,11571,15168,15580,3563,537,126),(231,15,'충청남도','40~44세',40,21353,12857,18012,25891,7135,1149,253),(232,15,'충청남도','45~49세',40,21465,17382,19756,22216,6168,1026,229),(233,15,'충청남도','50~54세',50,25668,27298,24444,17347,4162,732,172),(234,15,'충청남도','55~59세',50,27101,32175,20626,10265,2156,379,93),(235,15,'충청남도','60~64세',60,31877,43363,18191,6085,1253,301,81),(236,15,'충청남도','65~69세',65,25653,36592,10461,2618,685,290,123),(237,15,'충청남도','70~74세',65,20590,29864,7134,1583,594,268,106),(238,15,'충청남도','75~79세',65,17599,21607,4848,1183,441,201,76),(239,15,'충청남도','80~84세',65,18880,17080,4097,1138,494,185,85),(240,15,'충청남도','85세 이상',65,16476,10461,2854,899,352,139,35),(241,16,'전라북도','15세미만',10,0,0,0,0,0,0,0),(242,16,'전라북도','15~19세',10,2581,143,33,8,0,0,0),(243,16,'전라북도','20~24세',20,20185,2284,684,242,39,0,0),(244,16,'전라북도','25~29세',20,24560,6109,2520,973,197,23,9),(245,16,'전라북도','30~34세',30,19422,8336,5854,3421,695,131,45),(246,16,'전라북도','35~39세',30,14203,7863,9890,9998,2545,486,125),(247,16,'전라북도','40~44세',40,14931,9561,13027,17656,5345,1001,254),(248,16,'전라북도','45~49세',40,17249,14449,15978,17724,5450,995,236),(249,16,'전라북도','50~54세',50,21343,23541,20844,15322,4004,706,169),(250,16,'전라북도','55~59세',50,23030,28655,18309,9604,2177,381,103),(251,16,'전라북도','60~64세',60,27267,37943,16082,5799,1212,275,74),(252,16,'전라북도','65~69세',65,23628,32479,9737,2560,635,178,87),(253,16,'전라북도','70~74세',65,20877,27460,6802,1558,491,187,72),(254,16,'전라북도','75~79세',65,18701,21096,4752,1151,390,167,66),(255,16,'전라북도','80~84세',65,20140,16556,3651,855,320,117,59),(256,16,'전라북도','85세 이상',65,16495,9030,2195,569,199,79,29),(257,17,'전라남도','15세미만',10,0,0,0,0,0,0,0),(258,17,'전라남도','15~19세',10,1242,183,43,17,0,0,0),(259,17,'전라남도','20~24세',20,9920,1984,750,283,34,0,0),(260,17,'전라남도','25~29세',20,19095,6107,2580,1067,189,26,8),(261,17,'전라남도','30~34세',30,16104,8009,6101,3652,804,119,40),(262,17,'전라남도','35~39세',30,12792,7680,9609,10471,2642,485,143),(263,17,'전라남도','40~44세',40,14330,9880,12371,17261,5451,898,239),(264,17,'전라남도','45~49세',40,16507,14673,14781,15228,4752,899,250),(265,17,'전라남도','50~54세',50,21984,24936,19783,12861,3452,647,177),(266,17,'전라남도','55~59세',50,24936,31878,18467,8759,1976,399,99),(267,17,'전라남도','60~64세',60,29188,40856,15716,5097,1154,301,111),(268,17,'전라남도','65~69세',65,24882,33181,9177,2339,638,221,89),(269,17,'전라남도','70~74세',65,23156,30296,7056,1573,494,214,88),(270,17,'전라남도','75~79세',65,22904,23348,5183,1185,387,165,72),(271,17,'전라남도','80~84세',65,25935,19571,4240,1016,355,135,67),(272,17,'전라남도','85세 이상',65,20454,10160,2602,659,216,73,26),(273,18,'경상북도','15세미만',10,0,0,0,0,0,0,0),(274,18,'경상북도','15~19세',10,3360,143,25,6,0,0,0),(275,18,'경상북도','20~24세',20,26795,2548,720,243,24,0,0),(276,18,'경상북도','25~29세',20,34709,8079,3144,1154,152,28,5),(277,18,'경상북도','30~34세',30,29109,12513,9623,5030,835,94,32),(278,18,'경상북도','35~39세',30,22365,12111,16064,15474,3324,503,111),(279,18,'경상북도','40~44세',40,23684,13949,19769,27169,6684,1013,212),(280,18,'경상북도','45~49세',40,25743,20259,22744,24527,6096,985,225),(281,18,'경상북도','50~54세',50,32391,35738,30961,19695,4103,601,153),(282,18,'경상북도','55~59세',50,36095,46550,28564,12655,2239,366,82),(283,18,'경상북도','60~64세',60,44054,63395,25541,7570,1347,334,96),(284,18,'경상북도','65~69세',65,38648,55516,14961,3574,905,268,102),(285,18,'경상북도','70~74세',65,32753,44306,9865,2144,751,315,112),(286,18,'경상북도','75~79세',65,26988,29853,6534,1464,520,223,86),(287,18,'경상북도','80~84세',65,30208,23878,5193,1363,454,186,72),(288,18,'경상북도','85세 이상',65,24063,12617,3096,925,315,91,30),(289,19,'경상남도','15세미만',10,0,0,0,0,0,0,0),(290,19,'경상남도','15~19세',10,2217,190,35,10,0,0,0),(291,19,'경상남도','20~24세',20,19214,2596,831,357,46,7,0),(292,19,'경상남도','25~29세',20,35458,9559,4295,1570,242,40,6),(293,19,'경상남도','30~34세',30,33319,16253,13245,6873,1095,168,45),(294,19,'경상남도','35~39세',30,26532,15622,23810,23060,4548,609,132),(295,19,'경상남도','40~44세',40,29924,18388,29365,42868,10176,1499,332),(296,19,'경상남도','45~49세',40,31846,25510,32599,38781,9635,1407,279),(297,19,'경상남도','50~54세',50,40628,44113,44667,30711,6105,940,196),(298,19,'경상남도','55~59세',50,41958,53304,39050,19300,3094,431,120),(299,19,'경상남도','60~64세',60,51453,72482,33676,10958,1711,343,97),(300,19,'경상남도','65~69세',65,44261,60205,18262,4266,948,354,121),(301,19,'경상남도','70~74세',65,34365,45208,10685,2420,763,357,125),(302,19,'경상남도','75~79세',65,27971,29945,6779,1734,595,288,84),(303,19,'경상남도','80~84세',65,28044,21455,4904,1336,533,172,42),(304,19,'경상남도','85세 이상',65,21580,10886,2714,863,280,95,26),(305,20,'제주특별자치도','15세미만',10,0,0,0,0,0,0,0),(306,20,'제주특별자치도','15~19세',10,502,63,16,0,0,0,0),(307,20,'제주특별자치도','20~24세',20,3870,726,251,86,17,0,0),(308,20,'제주특별자치도','25~29세',20,8427,2683,1040,433,76,18,8),(309,20,'제주특별자치도','30~34세',30,7503,3994,2548,1491,344,66,22),(310,20,'제주특별자치도','35~39세',30,6435,4105,4495,4449,1299,254,98),(311,20,'제주특별자치도','40~44세',40,7391,5018,5878,7581,2779,592,155),(312,20,'제주특별자치도','45~49세',40,7987,6124,6033,7161,2824,615,172),(313,20,'제주특별자치도','50~54세',50,9827,9214,7741,6147,2045,449,122),(314,20,'제주특별자치도','55~59세',50,9084,9873,6910,4272,1188,251,66),(315,20,'제주특별자치도','60~64세',60,8981,11083,5880,2610,677,185,61),(316,20,'제주특별자치도','65~69세',65,7030,9000,3615,1190,338,149,78),(317,20,'제주특별자치도','70~74세',65,4796,6889,2249,680,222,114,55),(318,20,'제주특별자치도','75~79세',65,3811,5434,1834,529,176,113,63),(319,20,'제주특별자치도','80~84세',65,3406,3817,1247,395,151,68,42),(320,20,'제주특별자치도','85세 이상',65,3121,2207,711,254,93,37,12);
/*!40000 ALTER TABLE `home_age_and_members` ENABLE KEYS */;
UNLOCK TABLES;

--
-- Table structure for table `home_generation`
--

DROP TABLE IF EXISTS `home_generation`;
/*!40101 SET @saved_cs_client     = @@character_set_client */;
/*!50503 SET character_set_client = utf8mb4 */;
CREATE TABLE `home_generation` (
  `id` int NOT NULL AUTO_INCREMENT,
  `region_id` int DEFAULT NULL,
  `region_name` varchar(8) COLLATE utf8mb4_general_ci NOT NULL,
  `one_gen` int DEFAULT NULL,
  `two_gen` int DEFAULT NULL,
  `three_gen` int DEFAULT NULL,
  `more_than_four_gen` int DEFAULT NULL,
  `single_home` int DEFAULT NULL,
  `no_blood` int DEFAULT NULL,
  PRIMARY KEY (`id`),
  KEY `fk_home_generation` (`region_id`),
  CONSTRAINT `fk_home_generation` FOREIGN KEY (`region_id`) REFERENCES `ko_region` (`id`) ON DELETE CASCADE ON UPDATE CASCADE
) ENGINE=InnoDB AUTO_INCREMENT=21 DEFAULT CHARSET=utf8mb4 COLLATE=utf8mb4_general_ci;
/*!40101 SET character_set_client = @saved_cs_client */;

--
-- Dumping data for table `home_generation`
--

LOCK TABLES `home_generation` WRITE;
/*!40000 ALTER TABLE `home_generation` DISABLE KEYS */;
INSERT INTO `home_generation` VALUES (1,1,'읍부',437124,844687,67744,508,694083,52280),(2,2,'면부',551643,578112,65717,830,784909,54695),(3,3,'동부',3183823,7495236,528999,2845,6023358,406914),(4,4,'서울특별시',689093,1611980,125014,593,1564187,107951),(5,5,'부산광역시',290890,575019,41849,180,511745,28142),(6,6,'대구광역시',194813,430784,29109,143,341667,14318),(7,7,'인천광역시',217090,544773,39386,244,376392,34846),(8,8,'광주광역시',111030,263975,15050,71,221464,11662),(9,9,'대전광역시',115465,251038,16401,85,249006,14479),(10,10,'울산광역시',94083,203173,11941,63,137096,7642),(11,11,'세종특별자치시',25789,70021,4288,25,50561,3335),(12,12,'경기도',966040,2481177,186965,1213,1634147,137421),(13,13,'강원도',152941,240484,20940,192,254441,15897),(14,14,'충청북도',147038,259822,19953,141,260948,16962),(15,15,'충청남도',196315,340489,27261,240,340741,26324),(16,16,'전라북도',169406,286023,22023,174,284613,15441),(17,17,'전라남도',182905,277355,22089,226,283429,18641),(18,18,'경상북도',272484,405786,30246,273,430969,26548),(19,19,'경상남도',297503,561866,39047,213,468772,25207),(20,20,'제주특별자치도',49705,114270,10898,107,92172,9073);
/*!40000 ALTER TABLE `home_generation` ENABLE KEYS */;
UNLOCK TABLES;

--
-- Table structure for table `home_house`
--

DROP TABLE IF EXISTS `home_house`;
/*!40101 SET @saved_cs_client     = @@character_set_client */;
/*!50503 SET character_set_client = utf8mb4 */;
CREATE TABLE `home_house` (
  `id` int NOT NULL AUTO_INCREMENT,
  `region_id` int DEFAULT NULL,
  `region_name` varchar(8) COLLATE utf8mb4_general_ci NOT NULL,
  `dandok` int DEFAULT NULL,
  `apart` int DEFAULT NULL,
  `yeonlip` int DEFAULT NULL,
  `dasede` int DEFAULT NULL,
  `no_living` int DEFAULT NULL,
  `no_house` int DEFAULT NULL,
  PRIMARY KEY (`id`),
  KEY `fk_home_house` (`region_id`),
  CONSTRAINT `fk_home_house` FOREIGN KEY (`region_id`) REFERENCES `ko_region` (`id`) ON DELETE CASCADE ON UPDATE CASCADE
) ENGINE=InnoDB AUTO_INCREMENT=21 DEFAULT CHARSET=utf8mb4 COLLATE=utf8mb4_general_ci;
/*!40101 SET character_set_client = @saved_cs_client */;

--
-- Dumping data for table `home_house`
--

LOCK TABLES `home_house` WRITE;
/*!40000 ALTER TABLE `home_house` DISABLE KEYS */;
INSERT INTO `home_house` VALUES (1,1,'읍부',725071,1071068,65075,115196,35288,84728),(2,2,'면부',1462168,351384,25618,52803,32118,111815),(3,3,'동부',4131671,9981317,365578,1854584,246776,1061249),(4,4,'서울특별시',1006940,1788220,103378,780283,79690,340307),(5,5,'부산광역시',316806,836849,26589,146016,18325,103240),(6,6,'대구광역시',318903,593386,8104,48481,13316,28644),(7,7,'인천광역시',175702,678244,26709,209104,12857,110115),(8,8,'광주광역시',156986,420580,9716,6847,7136,21987),(9,9,'대전광역시',216678,364735,9508,31212,7979,16362),(10,10,'울산광역시',127531,275925,6734,20015,8198,15595),(11,11,'세종특별자치시',27822,119304,975,1139,852,3927),(12,12,'경기도',1090904,3175678,117491,603571,55477,363842),(13,13,'강원도',292601,330894,16222,9593,13124,22461),(14,14,'충청북도',286127,356764,12875,15964,11102,22032),(15,15,'충청남도',384380,443436,17710,31027,13065,41752),(16,16,'전라북도',334971,383810,13881,11283,11212,22523),(17,17,'전라남도',389207,325906,14101,8268,14127,33036),(18,18,'경상북도',545455,496775,24735,38672,20272,40397),(19,19,'경상남도',525774,742469,21931,31259,20007,51168),(20,20,'제주특별자치도',122123,70794,25612,29849,7443,20404);
/*!40000 ALTER TABLE `home_house` ENABLE KEYS */;
UNLOCK TABLES;

--
-- Table structure for table `home_silver`
--

DROP TABLE IF EXISTS `home_silver`;
/*!40101 SET @saved_cs_client     = @@character_set_client */;
/*!50503 SET character_set_client = utf8mb4 */;
CREATE TABLE `home_silver` (
  `id` int NOT NULL AUTO_INCREMENT,
  `region_id` int DEFAULT NULL,
  `region_name` varchar(8) COLLATE utf8mb4_general_ci NOT NULL,
  `all_silver` int DEFAULT NULL,
  `mix_silver` int DEFAULT NULL,
  `no_silver` int DEFAULT NULL,
  PRIMARY KEY (`id`),
  KEY `fk_home_silver` (`region_id`),
  CONSTRAINT `fk_home_silver` FOREIGN KEY (`region_id`) REFERENCES `ko_region` (`id`) ON DELETE CASCADE ON UPDATE CASCADE
) ENGINE=InnoDB AUTO_INCREMENT=21 DEFAULT CHARSET=utf8mb4 COLLATE=utf8mb4_general_ci;
/*!40101 SET character_set_client = @saved_cs_client */;

--
-- Dumping data for table `home_silver`
--

LOCK TABLES `home_silver` WRITE;
/*!40000 ALTER TABLE `home_silver` DISABLE KEYS */;
INSERT INTO `home_silver` VALUES (1,1,'읍부',367707,296451,1432268),(2,2,'면부',641337,389625,1004944),(3,3,'동부',2484964,2307852,12848359),(4,4,'서울특별시',568718,588673,2941427),(5,5,'부산광역시',278945,222052,946828),(6,6,'대구광역시',174362,134972,701500),(7,7,'인천광역시',163457,165477,883797),(8,8,'광주광역시',89377,71274,462601),(9,9,'대전광역시',90043,74144,482287),(10,10,'울산광역시',61569,54360,338069),(11,11,'세종특별자치시',13866,13815,126338),(12,12,'경기도',675325,717058,4014580),(13,13,'강원도',143244,103190,438461),(14,14,'충청북도',128398,92801,483665),(15,15,'충청남도',176623,125698,629049),(16,16,'전라북도',170609,114561,492510),(17,17,'전라남도',194042,121502,469101),(18,18,'경상북도',263281,165858,737167),(19,19,'경상남도',262225,188370,942013),(20,20,'제주특별자치도',39924,40123,196178);
/*!40000 ALTER TABLE `home_silver` ENABLE KEYS */;
UNLOCK TABLES;

--
-- Table structure for table `home_single`
--

DROP TABLE IF EXISTS `home_single`;
/*!40101 SET @saved_cs_client     = @@character_set_client */;
/*!50503 SET character_set_client = utf8mb4 */;
CREATE TABLE `home_single` (
  `id` int NOT NULL AUTO_INCREMENT,
  `region_id` int DEFAULT NULL,
  `region_name` varchar(8) COLLATE utf8mb4_general_ci NOT NULL,
  `age` varchar(8) COLLATE utf8mb4_general_ci DEFAULT NULL,
  `age_group` int DEFAULT NULL,
  `people_m` int DEFAULT NULL,
  `people_f` int DEFAULT NULL,
  PRIMARY KEY (`id`),
  KEY `fk_home_single` (`region_id`),
  CONSTRAINT `fk_home_single` FOREIGN KEY (`region_id`) REFERENCES `ko_region` (`id`) ON DELETE CASCADE ON UPDATE CASCADE
) ENGINE=InnoDB AUTO_INCREMENT=301 DEFAULT CHARSET=utf8mb4 COLLATE=utf8mb4_general_ci;
/*!40101 SET character_set_client = @saved_cs_client */;

--
-- Dumping data for table `home_single`
--

LOCK TABLES `home_single` WRITE;
/*!40000 ALTER TABLE `home_single` DISABLE KEYS */;
INSERT INTO `home_single` VALUES (1,1,'읍부','20세 미만',10,2340,2142),(2,1,'읍부','20~24',20,17909,15238),(3,1,'읍부','25~29',20,38262,21651),(4,1,'읍부','30~34',30,39577,16373),(5,1,'읍부','35~39',30,31243,11876),(6,1,'읍부','40~44',40,33272,13569),(7,1,'읍부','45~49',40,33217,16055),(8,1,'읍부','50~54',50,38490,21902),(9,1,'읍부','55~59',50,35511,25854),(10,1,'읍부','60~64',60,36263,33902),(11,1,'읍부','65~69',65,25349,32749),(12,1,'읍부','70~74',65,15818,29888),(13,1,'읍부','75~79',65,9603,28937),(14,1,'읍부','80~84',65,7312,30875),(15,1,'읍부','85세 이상',65,5107,23799),(16,2,'면부','20세 미만',10,2673,2246),(17,2,'면부','20~24',20,15952,11572),(18,2,'면부','25~29',20,24126,10695),(19,2,'면부','30~34',30,22748,8463),(20,2,'면부','35~39',30,19153,6685),(21,2,'면부','40~44',40,22395,7899),(22,2,'면부','45~49',40,26591,10639),(23,2,'면부','50~54',50,37758,17816),(24,2,'면부','55~59',50,46094,25263),(25,2,'면부','60~64',60,55803,38579),(26,2,'면부','65~69',65,42902,39982),(27,2,'면부','70~74',65,27349,42700),(28,2,'면부','75~79',65,17207,50201),(29,2,'면부','80~84',65,14582,66327),(30,2,'면부','85세 이상',65,11651,58858),(31,3,'동부','20세 미만',10,20033,23654),(32,3,'동부','20~24',20,183790,241047),(33,3,'동부','25~29',20,427345,378965),(34,3,'동부','30~34',30,423660,263889),(35,3,'동부','35~39',30,287617,167562),(36,3,'동부','40~44',40,261422,155916),(37,3,'동부','45~49',40,242576,154026),(38,3,'동부','50~54',50,267297,184835),(39,3,'동부','55~59',50,235252,201433),(40,3,'동부','60~64',60,234089,276730),(41,3,'동부','65~69',65,170917,265342),(42,3,'동부','70~74',65,104067,223029),(43,3,'동부','75~79',65,63974,196211),(44,3,'동부','80~84',65,44916,175209),(45,3,'동부','85세 이상',65,27859,120696),(46,4,'서울특별시','20세 미만',10,5074,7798),(47,4,'서울특별시','20~24',20,45438,84148),(48,4,'서울특별시','25~29',20,128491,147232),(49,4,'서울특별시','30~34',30,123488,101310),(50,4,'서울특별시','35~39',30,74784,58810),(51,4,'서울특별시','40~44',40,58515,46478),(52,4,'서울특별시','45~49',40,50424,38308),(53,4,'서울특별시','50~54',50,54610,39221),(54,4,'서울특별시','55~59',50,47565,38843),(55,4,'서울특별시','60~64',60,48900,55678),(56,4,'서울특별시','65~69',65,37618,57943),(57,4,'서울특별시','70~74',65,23678,49649),(58,4,'서울특별시','75~79',65,15313,44710),(59,4,'서울특별시','80~84',65,10413,37364),(60,4,'서울특별시','85세 이상',65,6328,26056),(61,5,'부산광역시','20세 미만',10,1537,1985),(62,5,'부산광역시','20~24',20,15748,21585),(63,5,'부산광역시','25~29',20,28244,27411),(64,5,'부산광역시','30~34',30,26508,17865),(65,5,'부산광역시','35~39',30,17916,11317),(66,5,'부산광역시','40~44',40,17711,11306),(67,5,'부산광역시','45~49',40,16836,11522),(68,5,'부산광역시','50~54',50,20546,14934),(69,5,'부산광역시','55~59',50,19701,17775),(70,5,'부산광역시','60~64',60,22336,28353),(71,5,'부산광역시','65~69',65,18857,30946),(72,5,'부산광역시','70~74',65,11967,27586),(73,5,'부산광역시','75~79',65,7289,23319),(74,5,'부산광역시','80~84',65,5042,20400),(75,5,'부산광역시','85세 이상',65,2799,12404),(76,6,'대구광역시','20세 미만',10,1070,1415),(77,6,'대구광역시','20~24',20,10021,12316),(78,6,'대구광역시','25~29',20,19339,16863),(79,6,'대구광역시','30~34',30,19356,10931),(80,6,'대구광역시','35~39',30,13407,7114),(81,6,'대구광역시','40~44',40,12578,7621),(82,6,'대구광역시','45~49',40,12841,8482),(83,6,'대구광역시','50~54',50,15363,11535),(84,6,'대구광역시','55~59',50,14512,13838),(85,6,'대구광역시','60~64',60,14397,19571),(86,6,'대구광역시','65~69',65,10745,19046),(87,6,'대구광역시','70~74',65,6753,16885),(88,6,'대구광역시','75~79',65,3910,14042),(89,6,'대구광역시','80~84',65,3052,13529),(90,6,'대구광역시','85세 이상',65,2000,9135),(91,7,'인천광역시','20세 미만',10,769,874),(92,7,'인천광역시','20~24',20,7863,9283),(93,7,'인천광역시','25~29',20,22403,18415),(94,7,'인천광역시','30~34',30,25207,13910),(95,7,'인천광역시','35~39',30,18450,9329),(96,7,'인천광역시','40~44',40,18311,9318),(97,7,'인천광역시','45~49',40,17477,9549),(98,7,'인천광역시','50~54',50,19695,12087),(99,7,'인천광역시','55~59',50,18076,13911),(100,7,'인천광역시','60~64',60,18056,19702),(101,7,'인천광역시','65~69',65,12599,17741),(102,7,'인천광역시','70~74',65,7340,14067),(103,7,'인천광역시','75~79',65,4599,12750),(104,7,'인천광역시','80~84',65,3013,11274),(105,7,'인천광역시','85세 이상',65,1919,8405),(106,8,'광주광역시','20세 미만',10,821,987),(107,8,'광주광역시','20~24',20,7511,10143),(108,8,'광주광역시','25~29',20,14974,13054),(109,8,'광주광역시','30~34',30,13965,8331),(110,8,'광주광역시','35~39',30,10610,5597),(111,8,'광주광역시','40~44',40,10419,5454),(112,8,'광주광역시','45~49',40,9935,5388),(113,8,'광주광역시','50~54',50,10529,6947),(114,8,'광주광역시','55~59',50,8895,8028),(115,8,'광주광역시','60~64',60,8401,10505),(116,8,'광주광역시','65~69',65,5882,9027),(117,8,'광주광역시','70~74',65,3614,8239),(118,8,'광주광역시','75~79',65,2279,7400),(119,8,'광주광역시','80~84',65,1635,7067),(120,8,'광주광역시','85세 이상',65,1047,4780),(121,9,'대전광역시','20세 미만',10,2087,1804),(122,9,'대전광역시','20~24',20,14738,16594),(123,9,'대전광역시','25~29',20,21923,16521),(124,9,'대전광역시','30~34',30,17192,9648),(125,9,'대전광역시','35~39',30,10586,5810),(126,9,'대전광역시','40~44',40,9279,5475),(127,9,'대전광역시','45~49',40,8879,5573),(128,9,'대전광역시','50~54',50,9965,7036),(129,9,'대전광역시','55~59',50,8469,7639),(130,9,'대전광역시','60~64',60,8725,10686),(131,9,'대전광역시','65~69',65,6354,9731),(132,9,'대전광역시','70~74',65,3854,7816),(133,9,'대전광역시','75~79',65,2224,6736),(134,9,'대전광역시','80~84',65,1785,6175),(135,9,'대전광역시','85세 이상',65,1158,4544),(136,10,'울산광역시','20세 미만',10,160,168),(137,10,'울산광역시','20~24',20,2750,2373),(138,10,'울산광역시','25~29',20,9230,4941),(139,10,'울산광역시','30~34',30,9397,3780),(140,10,'울산광역시','35~39',30,7162,2595),(141,10,'울산광역시','40~44',40,7533,2943),(142,10,'울산광역시','45~49',40,7056,3452),(143,10,'울산광역시','50~54',50,7892,4664),(144,10,'울산광역시','55~59',50,7044,5465),(145,10,'울산광역시','60~64',60,6911,7614),(146,10,'울산광역시','65~69',65,4806,7236),(147,10,'울산광역시','70~74',65,2889,5569),(148,10,'울산광역시','75~79',65,1503,4378),(149,10,'울산광역시','80~84',65,959,3726),(150,10,'울산광역시','85세 이상',65,505,2395),(151,11,'세종특별자치시','20세 미만',10,401,412),(152,11,'세종특별자치시','20~24',20,2958,3041),(153,11,'세종특별자치시','25~29',20,4358,3602),(154,11,'세종특별자치시','30~34',30,4539,2907),(155,11,'세종특별자치시','35~39',30,2901,1724),(156,11,'세종특별자치시','40~44',40,2413,1543),(157,11,'세종특별자치시','45~49',40,1907,1469),(158,11,'세종특별자치시','50~54',50,1957,1560),(159,11,'세종특별자치시','55~59',50,1470,1372),(160,11,'세종특별자치시','60~64',60,1337,1571),(161,11,'세종특별자치시','65~69',65,941,1382),(162,11,'세종특별자치시','70~74',65,541,1056),(163,11,'세종특별자치시','75~79',65,308,900),(164,11,'세종특별자치시','80~84',65,238,903),(165,11,'세종특별자치시','85세 이상',65,177,673),(166,12,'경기도','20세 미만',10,4165,4663),(167,12,'경기도','20~24',20,37116,41912),(168,12,'경기도','25~29',20,114092,80698),(169,12,'경기도','30~34',30,127060,63157),(170,12,'경기도','35~39',30,91070,42702),(171,12,'경기도','40~44',40,84823,43034),(172,12,'경기도','45~49',40,78838,43607),(173,12,'경기도','50~54',50,84796,52774),(174,12,'경기도','55~59',50,73782,56240),(175,12,'경기도','60~64',60,70989,74269),(176,12,'경기도','65~69',65,48680,68655),(177,12,'경기도','70~74',65,28453,54488),(178,12,'경기도','75~79',65,17761,49534),(179,12,'경기도','80~84',65,12428,44561),(180,12,'경기도','85세 이상',65,8065,31735),(181,13,'강원도','20세 미만',10,907,725),(182,13,'강원도','20~24',20,10265,8157),(183,13,'강원도','25~29',20,13664,8857),(184,13,'강원도','30~34',30,11097,6146),(185,13,'강원도','35~39',30,7799,4107),(186,13,'강원도','40~44',40,8207,4736),(187,13,'강원도','45~49',40,9329,5555),(188,13,'강원도','50~54',50,12033,7973),(189,13,'강원도','55~59',50,12774,9998),(190,13,'강원도','60~64',60,14946,13817),(191,13,'강원도','65~69',65,11020,12979),(192,13,'강원도','70~74',65,6053,11025),(193,13,'강원도','75~79',65,4157,11672),(194,13,'강원도','80~84',65,3127,12252),(195,13,'강원도','85세 이상',65,1963,9101),(196,14,'충청북도','20세 미만',10,1051,896),(197,14,'충청북도','20~24',20,8861,8704),(198,14,'충청북도','25~29',20,18646,11314),(199,14,'충청북도','30~34',30,16421,7167),(200,14,'충청북도','35~39',30,10900,4842),(201,14,'충청북도','40~44',40,10230,4933),(202,14,'충청북도','45~49',40,10195,5685),(203,14,'충청북도','50~54',50,12222,7918),(204,14,'충청북도','55~59',50,12217,9589),(205,14,'충청북도','60~64',60,13090,12692),(206,14,'충청북도','65~69',65,9229,11722),(207,14,'충청북도','70~74',65,5369,9423),(208,14,'충청북도','75~79',65,3413,9962),(209,14,'충청북도','80~84',65,2871,10794),(210,14,'충청북도','85세 이상',65,2053,8539),(211,15,'충청남도','20세 미만',10,1660,1749),(212,15,'충청남도','20~24',20,11384,12615),(213,15,'충청남도','25~29',20,21714,12809),(214,15,'충청남도','30~34',30,21041,8830),(215,15,'충청남도','35~39',30,16191,6086),(216,15,'충청남도','40~44',40,15437,5916),(217,15,'충청남도','45~49',40,14409,7056),(218,15,'충청남도','50~54',50,16324,9344),(219,15,'충청남도','55~59',50,15823,11278),(220,15,'충청남도','60~64',60,16891,14986),(221,15,'충청남도','65~69',65,11766,13887),(222,15,'충청남도','70~74',65,7420,13170),(223,15,'충청남도','75~79',65,4628,12971),(224,15,'충청남도','80~84',65,3751,15129),(225,15,'충청남도','85세 이상',65,3105,13371),(226,16,'전라북도','20세 미만',10,1347,1235),(227,16,'전라북도','20~24',20,10806,9379),(228,16,'전라북도','25~29',20,14184,10376),(229,16,'전라북도','30~34',30,12503,6919),(230,16,'전라북도','35~39',30,9414,4789),(231,16,'전라북도','40~44',40,10059,4872),(232,16,'전라북도','45~49',40,11064,6185),(233,16,'전라북도','50~54',50,13178,8165),(234,16,'전라북도','55~59',50,13032,9998),(235,16,'전라북도','60~64',60,13654,13613),(236,16,'전라북도','65~69',65,10318,13310),(237,16,'전라북도','70~74',65,6991,13886),(238,16,'전라북도','75~79',65,4328,14373),(239,16,'전라북도','80~84',65,3443,16697),(240,16,'전라북도','85세 이상',65,2764,13731),(241,17,'전라남도','20세 미만',10,690,552),(242,17,'전라남도','20~24',20,5318,4602),(243,17,'전라남도','25~29',20,11314,7781),(244,17,'전라남도','30~34',30,10816,5288),(245,17,'전라남도','35~39',30,8907,3885),(246,17,'전라남도','40~44',40,10039,4291),(247,17,'전라남도','45~49',40,11059,5448),(248,17,'전라남도','50~54',50,14251,7733),(249,17,'전라남도','55~59',50,14807,10129),(250,17,'전라남도','60~64',60,15587,13601),(251,17,'전라남도','65~69',65,11598,13284),(252,17,'전라남도','70~74',65,7967,15189),(253,17,'전라남도','75~79',65,5136,17768),(254,17,'전라남도','80~84',65,4215,21720),(255,17,'전라남도','85세 이상',65,3035,17419),(256,18,'경상북도','20세 미만',10,1859,1505),(257,18,'경상북도','20~24',20,14894,11901),(258,18,'경상북도','25~29',20,21703,13006),(259,18,'경상북도','30~34',30,20192,8917),(260,18,'경상북도','35~39',30,15596,6769),(261,18,'경상북도','40~44',40,16194,7490),(262,18,'경상북도','45~49',40,16414,9329),(263,18,'경상북도','50~54',50,19758,12633),(264,18,'경상북도','55~59',50,20410,15685),(265,18,'경상북도','60~64',60,22284,21770),(266,18,'경상북도','65~69',65,16870,21778),(267,18,'경상북도','70~74',65,10993,21760),(268,18,'경상북도','75~79',65,6309,20679),(269,18,'경상북도','80~84',65,5314,24894),(270,18,'경상북도','85세 이상',65,3894,20169),(271,19,'경상남도','20세 미만',10,1183,1036),(272,19,'경상남도','20~24',20,10353,8861),(273,19,'경상남도','25~29',20,21115,14343),(274,19,'경상남도','30~34',30,22746,10573),(275,19,'경상남도','35~39',30,18427,8105),(276,19,'경상남도','40~44',40,20938,8986),(277,19,'경상남도','45~49',40,20925,10921),(278,19,'경상남도','50~54',50,24741,15887),(279,19,'경상남도','55~59',50,23230,18728),(280,19,'경상남도','60~64',60,25081,26372),(281,19,'경상남도','65~69',65,18771,25490),(282,19,'경상남도','70~74',65,11568,22797),(283,19,'경상남도','75~79',65,6555,21416),(284,19,'경상남도','80~84',65,4781,23263),(285,19,'경상남도','85세 이상',65,3299,18281),(286,20,'제주특별자치도','20세 미만',10,265,238),(287,20,'제주특별자치도','20~24',20,1627,2243),(288,20,'제주특별자치도','25~29',20,4339,4088),(289,20,'제주특별자치도','30~34',30,4457,3046),(290,20,'제주특별자치도','35~39',30,3893,2542),(291,20,'제주특별자치도','40~44',40,4403,2988),(292,20,'제주특별자치도','45~49',40,4796,3191),(293,20,'제주특별자치도','50~54',50,5685,4142),(294,20,'제주특별자치도','55~59',50,5050,4034),(295,20,'제주특별자치도','60~64',60,4570,4411),(296,20,'제주특별자치도','65~69',65,3114,3916),(297,20,'제주특별자치도','70~74',65,1784,3012),(298,20,'제주특별자치도','75~79',65,1072,2739),(299,20,'제주특별자치도','80~84',65,743,2663),(300,20,'제주특별자치도','85세 이상',65,506,2615);
/*!40000 ALTER TABLE `home_single` ENABLE KEYS */;
UNLOCK TABLES;

--
-- Table structure for table `home_space`
--

DROP TABLE IF EXISTS `home_space`;
/*!40101 SET @saved_cs_client     = @@character_set_client */;
/*!50503 SET character_set_client = utf8mb4 */;
CREATE TABLE `home_space` (
  `id` int NOT NULL AUTO_INCREMENT,
  `region_id` int DEFAULT NULL,
  `region_name` varchar(8) COLLATE utf8mb4_general_ci NOT NULL,
  `house_type` varchar(16) COLLATE utf8mb4_general_ci NOT NULL,
  `home_numbers` int DEFAULT NULL,
  `family_numbers` int DEFAULT NULL,
  `home_meters` float DEFAULT NULL,
  `indiv_meters` float DEFAULT NULL,
  PRIMARY KEY (`id`),
  KEY `fk_home_space` (`region_id`),
  CONSTRAINT `fk_home_space` FOREIGN KEY (`region_id`) REFERENCES `ko_region` (`id`) ON DELETE CASCADE ON UPDATE CASCADE
) ENGINE=InnoDB AUTO_INCREMENT=148 DEFAULT CHARSET=utf8mb4 COLLATE=utf8mb4_general_ci;
/*!40101 SET character_set_client = @saved_cs_client */;

--
-- Dumping data for table `home_space`
--

LOCK TABLES `home_space` WRITE;
/*!40000 ALTER TABLE `home_space` DISABLE KEYS */;
INSERT INTO `home_space` VALUES (1,21,'전국','계',21287100,48145676,69.9,30.9),(2,21,'전국','단독주택',6318910,11720485,70.1,37.8),(3,21,'전국','아파트',11403769,29254637,75.4,29.4),(4,21,'전국','연립주택',456271,1056279,69.4,30),(5,21,'전국','다세대주택',2022583,4349370,49.5,23),(6,21,'전국','비거주용 건물 내 주택',314182,636030,70.6,34.9),(7,21,'전국','오피스텔',771385,1128875,39.9,27.3),(8,1,'읍부','계',2032533,4631005,73.1,32.1),(9,1,'읍부','단독주택',725071,1409497,79.4,40.8),(10,1,'읍부','아파트',1071068,2705660,71,28.1),(11,1,'읍부','연립주택',65075,147892,67,29.5),(12,1,'읍부','다세대주택',115196,258818,58.3,25.9),(13,1,'읍부','비거주용 건물 내 주택',35288,79344,82.5,36.7),(14,1,'읍부','오피스텔',20835,29794,42.5,29.7),(15,2,'면부','계',1928766,3902288,77.9,38.5),(16,2,'면부','단독주택',1462168,2814364,80.9,42),(17,2,'면부','아파트',351384,844608,69,28.7),(18,2,'면부','연립주택',25618,54203,67,31.7),(19,2,'면부','다세대주택',52803,113308,59.8,27.9),(20,2,'면부','비거주용 건물 내 주택',32118,69414,83.7,38.7),(21,2,'면부','오피스텔',4675,6391,38.2,27.9),(22,3,'동부','계',17325801,39612383,68.6,30),(23,3,'동부','단독주택',4131671,7496624,64.7,35.7),(24,3,'동부','아파트',9981317,25704369,76.1,29.5),(25,3,'동부','연립주택',365578,854184,70,30),(26,3,'동부','다세대주택',1854584,3977244,48.7,22.7),(27,3,'동부','비거주용 건물 내 주택',246776,487272,67.2,34),(28,3,'동부','오피스텔',745875,1092690,39.9,27.2),(29,4,'서울특별시','계',3998341,8812571,60.8,27.6),(30,4,'서울특별시','단독주택',1006940,1788985,51.5,29),(31,4,'서울특별시','아파트',1788220,4659441,76.6,29.4),(32,4,'서울특별시','연립주택',103378,254514,72.9,29.6),(33,4,'서울특별시','다세대주택',780283,1658177,45.4,21.4),(34,4,'서울특별시','비거주용 건물 내 주택',79690,137184,46.5,27),(35,4,'서울특별시','오피스텔',239830,314270,31,23.7),(36,5,'부산광역시','계',1427626,3136969,68.5,31.2),(37,5,'부산광역시','단독주택',316806,592233,62.8,33.6),(38,5,'부산광역시','아파트',836849,2070061,77.5,31.3),(39,5,'부산광역시','연립주택',26589,56744,63.5,29.7),(40,5,'부산광역시','다세대주택',146016,265127,45.9,25.3),(41,5,'부산광역시','비거주용 건물 내 주택',18325,37049,69.6,34.4),(42,5,'부산광역시','오피스텔',83041,115755,40.6,29.1),(43,6,'대구광역시','계',996872,2258055,73.3,32.3),(44,6,'대구광역시','단독주택',318903,581712,66.9,36.6),(45,6,'대구광역시','아파트',593386,1498385,78.2,31),(46,6,'대구광역시','연립주택',8104,18035,72.5,32.6),(47,6,'대구광역시','다세대주택',48481,111361,64,27.9),(48,6,'대구광역시','비거주용 건물 내 주택',13316,28013,77.6,36.9),(49,6,'대구광역시','오피스텔',14682,20549,41.8,29.9),(50,7,'인천광역시','계',1190490,2798412,67.6,28.7),(51,7,'인천광역시','단독주택',175702,329098,71.8,38.3),(52,7,'인천광역시','아파트',678244,1781475,75.1,28.6),(53,7,'인천광역시','연립주택',26709,61351,61.5,26.8),(54,7,'인천광역시','다세대주택',209104,440678,47,22.3),(55,7,'인천광역시','비거주용 건물 내 주택',12857,26658,71.7,34.6),(56,7,'인천광역시','오피스텔',87874,159152,51,28.2),(57,8,'광주광역시','계',614494,1386246,72.6,32.2),(58,8,'광주광역시','단독주택',156986,282225,70.5,39.2),(59,8,'광주광역시','아파트',420580,1037936,74.7,30.3),(60,8,'광주광역시','연립주택',9716,21564,70.3,31.7),(61,8,'광주광역시','다세대주택',6847,11236,42.1,25.7),(62,8,'광주광역시','비거주용 건물 내 주택',7136,15230,78.7,36.9),(63,8,'광주광역시','오피스텔',13229,18055,44.7,32.8),(64,9,'대전광역시','계',637976,1388601,68.7,31.6),(65,9,'대전광역시','단독주택',216678,369869,60.2,35.2),(66,9,'대전광역시','아파트',364735,905048,75.5,30.4),(67,9,'대전광역시','연립주택',9508,20771,66.2,30.3),(68,9,'대전광역시','다세대주택',31212,66254,54.1,25.5),(69,9,'대전광역시','비거주용 건물 내 주택',7979,15976,72.5,36.2),(70,9,'대전광역시','오피스텔',7864,10683,46.1,34),(71,10,'울산광역시','계',447671,1049944,76.6,32.7),(72,10,'울산광역시','단독주택',127531,238078,80.5,43.1),(73,10,'울산광역시','아파트',275925,721987,76.9,29.4),(74,10,'울산광역시','연립주택',6734,15174,68.2,30.2),(75,10,'울산광역시','다세대주택',20015,43326,59.6,27.5),(76,10,'울산광역시','비거주용 건물 내 주택',8198,18394,90.4,40.3),(77,10,'울산광역시','오피스텔',9268,12985,44.6,31.8),(78,11,'세종특별자치시','계',152043,363920,74.2,31),(79,11,'세종특별자치시','단독주택',27822,48030,67.7,39.2),(80,11,'세종특별자치시','아파트',119304,307804,76.9,29.8),(81,11,'세종특별자치시','연립주택',975,1731,47.2,26.6),(82,11,'세종특별자치시','다세대주택',1139,2210,48.6,25),(83,11,'세종특별자치시','비거주용 건물 내 주택',852,1859,79.7,36.5),(84,11,'세종특별자치시','오피스텔',1951,2286,29,24.8),(85,12,'경기도','계',5277649,12713928,71.4,29.7),(86,12,'경기도','단독주택',1090904,2088787,73.3,38.3),(87,12,'경기도','아파트',3175678,8502012,76.7,28.6),(88,12,'경기도','연립주택',117491,282183,71.5,29.8),(89,12,'경기도','다세대주택',603571,1367124,51.7,22.8),(90,12,'경기도','비거주용 건물 내 주택',55477,113530,70.7,34.5),(91,12,'경기도','오피스텔',234528,360292,42.5,27.7),(92,13,'강원도','계',666766,1417918,74,34.8),(93,13,'강원도','단독주택',292601,551951,79.6,42.2),(94,13,'강원도','아파트',330894,779987,70.2,29.8),(95,13,'강원도','연립주택',16222,32665,62.4,31),(96,13,'강원도','다세대주택',9593,19682,58.9,28.7),(97,13,'강원도','비거주용 건물 내 주택',13124,28264,83,38.5),(98,13,'강원도','오피스텔',4332,5369,32.1,25.9),(99,14,'충청북도','계',688926,1492842,73.5,33.9),(100,14,'충청북도','단독주택',286127,531908,79.3,42.7),(101,14,'충청북도','아파트',356764,866613,70,28.8),(102,14,'충청북도','연립주택',12875,27628,64.3,30),(103,14,'충청북도','다세대주택',15964,34605,58.6,27),(104,14,'충청북도','비거주용 건물 내 주택',11102,24472,87.6,39.7),(105,14,'충청북도','오피스텔',6094,7616,36.5,29.2),(106,15,'충청남도','계',906373,1977702,74.6,34.2),(107,15,'충청남도','단독주택',384380,713748,80.5,43.3),(108,15,'충청남도','아파트',443436,1107284,71.7,28.7),(109,15,'충청남도','연립주택',17710,37636,66.6,31.3),(110,15,'충청남도','다세대주택',31027,63347,55.4,27.1),(111,15,'충청남도','비거주용 건물 내 주택',13065,28142,86.3,40.1),(112,15,'충청남도','오피스텔',16755,27545,53.3,32.4),(113,16,'전라북도','계',759200,1641359,73.2,33.9),(114,16,'전라북도','단독주택',334971,629560,75.2,40),(115,16,'전라북도','아파트',383810,930478,72.2,29.8),(116,16,'전라북도','연립주택',13881,29089,66.4,31.7),(117,16,'전라북도','다세대주택',11283,21350,51.5,27.2),(118,16,'전라북도','비거주용 건물 내 주택',11212,24893,85.9,38.7),(119,16,'전라북도','오피스텔',4043,5989,48.4,32.7),(120,17,'전라남도','계',759785,1626928,72.3,33.8),(121,17,'전라남도','단독주택',389207,742852,73.6,38.6),(122,17,'전라남도','아파트',325906,792180,71.3,29.3),(123,17,'전라남도','연립주택',14101,31716,70.8,31.5),(124,17,'전라남도','다세대주택',8268,17463,60.2,28.5),(125,17,'전라남도','비거주용 건물 내 주택',14127,31252,83.9,37.9),(126,17,'전라남도','오피스텔',8176,11465,43.9,31.3),(127,18,'경상북도','계',1132440,2397123,73.4,34.7),(128,18,'경상북도','단독주택',545455,982558,74.6,41.4),(129,18,'경상북도','아파트',496775,1223446,73.3,29.8),(130,18,'경상북도','연립주택',24735,52516,66.3,31.2),(131,18,'경상북도','다세대주택',38672,85142,62.8,28.5),(132,18,'경상북도','비거주용 건물 내 주택',20272,44363,85.1,38.9),(133,18,'경상북도','오피스텔',6531,9098,41.5,29.8),(134,19,'경상남도','계',1364366,3060956,74.3,33.1),(135,19,'경상남도','단독주택',525774,976311,75.8,40.8),(136,19,'경상남도','아파트',742469,1892076,74.7,29.3),(137,19,'경상남도','연립주택',21931,48504,70.2,31.8),(138,19,'경상남도','다세대주택',31259,69497,63.8,28.7),(139,19,'경상남도','비거주용 건물 내 주택',20007,43013,82.9,38.6),(140,19,'경상남도','오피스텔',22926,31555,42.3,30.7),(141,20,'제주특별자치도','계',266082,622202,74.6,31.9),(142,20,'제주특별자치도','단독주택',122123,272580,82.1,36.8),(143,20,'제주특별자치도','아파트',70794,178424,69.6,27.6),(144,20,'제주특별자치도','연립주택',25612,64458,73.5,29.2),(145,20,'제주특별자치도','다세대주택',29849,72791,64,26.2),(146,20,'제주특별자치도','비거주용 건물 내 주택',7443,17738,87.9,36.9),(147,20,'제주특별자치도','오피스텔',10261,16211,43.7,27.6);
/*!40000 ALTER TABLE `home_space` ENABLE KEYS */;
UNLOCK TABLES;

--
-- Table structure for table `home_with_minor`
--

DROP TABLE IF EXISTS `home_with_minor`;
/*!40101 SET @saved_cs_client     = @@character_set_client */;
/*!50503 SET character_set_client = utf8mb4 */;
CREATE TABLE `home_with_minor` (
  `id` int NOT NULL AUTO_INCREMENT,
  `region_id` int DEFAULT NULL,
  `region_name` varchar(8) COLLATE utf8mb4_general_ci NOT NULL,
  `numbers` int DEFAULT NULL,
  PRIMARY KEY (`id`),
  KEY `fk_home_with_minor` (`region_id`),
  CONSTRAINT `fk_home_with_minor` FOREIGN KEY (`region_id`) REFERENCES `ko_region` (`id`) ON DELETE CASCADE ON UPDATE CASCADE
) ENGINE=InnoDB AUTO_INCREMENT=21 DEFAULT CHARSET=utf8mb4 COLLATE=utf8mb4_general_ci;
/*!40101 SET character_set_client = @saved_cs_client */;

--
-- Dumping data for table `home_with_minor`
--

LOCK TABLES `home_with_minor` WRITE;
/*!40000 ALTER TABLE `home_with_minor` DISABLE KEYS */;
INSERT INTO `home_with_minor` VALUES (1,1,'읍부',485904),(2,2,'면부',246679),(3,3,'동부',3958103),(4,4,'서울특별시',756376),(5,5,'부산광역시',274872),(6,6,'대구광역시',216727),(7,7,'인천광역시',278893),(8,8,'광주광역시',144846),(9,9,'대전광역시',137340),(10,10,'울산광역시',112898),(11,11,'세종특별자치시',52808),(12,12,'경기도',1363945),(13,13,'강원도',128346),(14,14,'충청북도',141609),(15,15,'충청남도',194894),(16,16,'전라북도',148710),(17,17,'전라남도',145660),(18,18,'경상북도',214332),(19,19,'경상남도',310042),(20,20,'제주특별자치도',68388);
/*!40000 ALTER TABLE `home_with_minor` ENABLE KEYS */;
UNLOCK TABLES;

--
-- Table structure for table `ko_region`
--

DROP TABLE IF EXISTS `ko_region`;
/*!40101 SET @saved_cs_client     = @@character_set_client */;
/*!50503 SET character_set_client = utf8mb4 */;
CREATE TABLE `ko_region` (
  `id` int NOT NULL AUTO_INCREMENT,
  `name` varchar(8) COLLATE utf8mb4_general_ci DEFAULT NULL,
  `name_short` varchar(4) COLLATE utf8mb4_general_ci DEFAULT NULL,
  PRIMARY KEY (`id`),
  UNIQUE KEY `uq_name_ko_region` (`name`),
  UNIQUE KEY `uq_name_short_ko_region` (`name_short`)
) ENGINE=InnoDB AUTO_INCREMENT=22 DEFAULT CHARSET=utf8mb4 COLLATE=utf8mb4_general_ci;
/*!40101 SET character_set_client = @saved_cs_client */;

--
-- Dumping data for table `ko_region`
--

LOCK TABLES `ko_region` WRITE;
/*!40000 ALTER TABLE `ko_region` DISABLE KEYS */;
INSERT INTO `ko_region` VALUES (1,'읍부',NULL),(2,'면부',NULL),(3,'동부',NULL),(4,'서울특별시','서울'),(5,'부산광역시','부산'),(6,'대구광역시','대구'),(7,'인천광역시','인천'),(8,'광주광역시','광주'),(9,'대전광역시','대전'),(10,'울산광역시','울산'),(11,'세종특별자치시','세종'),(12,'경기도','경기'),(13,'강원도','강원'),(14,'충청북도','충북'),(15,'충청남도','충남'),(16,'전라북도','전북'),(17,'전라남도','전남'),(18,'경상북도','경북'),(19,'경상남도','경남'),(20,'제주특별자치도','제주'),(21,'전국',NULL);
/*!40000 ALTER TABLE `ko_region` ENABLE KEYS */;
UNLOCK TABLES;

--
-- Table structure for table `parcel`
--

DROP TABLE IF EXISTS `parcel`;
/*!40101 SET @saved_cs_client     = @@character_set_client */;
/*!50503 SET character_set_client = utf8mb4 */;
CREATE TABLE `parcel` (
  `id` int NOT NULL AUTO_INCREMENT,
  `region_id` int DEFAULT NULL,
  `region_name` varchar(8) COLLATE utf8mb4_general_ci NOT NULL,
  `parcel_sum` int DEFAULT NULL,
  PRIMARY KEY (`id`),
  KEY `fk_parcel` (`region_id`),
  CONSTRAINT `fk_parcel` FOREIGN KEY (`region_id`) REFERENCES `ko_region` (`id`) ON DELETE CASCADE ON UPDATE CASCADE
) ENGINE=InnoDB AUTO_INCREMENT=18 DEFAULT CHARSET=utf8mb4 COLLATE=utf8mb4_general_ci;
/*!40101 SET character_set_client = @saved_cs_client */;

--
-- Dumping data for table `parcel`
--

LOCK TABLES `parcel` WRITE;
/*!40000 ALTER TABLE `parcel` DISABLE KEYS */;
INSERT INTO `parcel` VALUES (1,4,'서울',88888336),(2,5,'부산',152707449),(3,6,'대구',30241454),(4,7,'인천',136505296),(5,8,'광주',23954252),(6,11,'세종',12277783),(7,9,'대전',20584144),(8,10,'울산',152207484),(9,12,'경기',350260943),(10,13,'강원',68280572),(11,14,'충북',81696863),(12,15,'충남',180803052),(13,16,'전북',68502116),(14,17,'전남',180452630),(15,18,'경북',150724042),(16,19,'경남',141255018),(17,20,'제주',8837435);
/*!40000 ALTER TABLE `parcel` ENABLE KEYS */;
UNLOCK TABLES;

--
-- Table structure for table `trash`
--

DROP TABLE IF EXISTS `trash`;
/*!40101 SET @saved_cs_client     = @@character_set_client */;
/*!50503 SET character_set_client = utf8mb4 */;
CREATE TABLE `trash` (
  `id` int NOT NULL AUTO_INCREMENT,
  `region_id` int DEFAULT NULL,
  `region_name` varchar(8) COLLATE utf8mb4_general_ci NOT NULL,
  `mix_recycle` float DEFAULT NULL,
  `mix_burn` float DEFAULT NULL,
  `mix_bury` float DEFAULT NULL,
  `mix_etc` float DEFAULT NULL,
  `recycle_recycle` float DEFAULT NULL,
  `recycle_burn` float DEFAULT NULL,
  `recycle_bury` float DEFAULT NULL,
  `recycle_etc` float DEFAULT NULL,
  `food_recycle` float DEFAULT NULL,
  `food_burn` float DEFAULT NULL,
  `food_bury` float DEFAULT NULL,
  `food_etc` float DEFAULT NULL,
  `plastic` float DEFAULT NULL,
  `paper` float DEFAULT NULL,
  PRIMARY KEY (`id`),
  KEY `fk_trash` (`region_id`),
  CONSTRAINT `fk_trash` FOREIGN KEY (`region_id`) REFERENCES `ko_region` (`id`) ON DELETE CASCADE ON UPDATE CASCADE
) ENGINE=InnoDB AUTO_INCREMENT=18 DEFAULT CHARSET=utf8mb4 COLLATE=utf8mb4_general_ci;
/*!40101 SET character_set_client = @saved_cs_client */;

--
-- Dumping data for table `trash`
--

LOCK TABLES `trash` WRITE;
/*!40000 ALTER TABLE `trash` DISABLE KEYS */;
INSERT INTO `trash` VALUES (1,4,'서울',42475.3,789430,330941,0,892734,8146.5,0,0,835347,0,0,108.1,310577,242593),(2,5,'부산',107727,111524,122318,0,228304,3775,0,0,212768,0,0,72,88656.9,84844.9),(3,6,'대구',130395,84736.4,224186,0,132550,742.8,2937.2,0,221390,0,0,0,39980.8,24834.9),(4,7,'인천',70314.6,226731,91213.5,0,216634,10292.7,0,0,228122,0,0,0,78961.3,74072.4),(5,8,'광주',13515.6,17619.5,168467,0,122721,4387.5,1329,0,158448,0,0,0,41860.6,46092.8),(6,9,'대전',95740.7,35316.1,116052,0,96760,0,7721.4,0,150699,0,0,0,36970.4,26365.3),(7,10,'울산',0,151550,43898.1,0,64811.8,7865,0,0,99948.8,606.7,0,0,16639.4,29157.6),(8,11,'세종',7690.1,48110.4,2474,2404.9,28207,946,0,0,16087.6,0,0,0,9496.6,13221.5),(9,12,'경기',253257,1326630,349122,13359.4,996351,51623.3,6409.1,0,1043700,0,0,32,336764,330240),(10,13,'강원',52296.6,149497,177294,0,86640.4,10661.8,10450.6,0,136845,10207.2,4570.7,0,17221.5,23891.6),(11,14,'충북',6771.9,268041,80320.3,226.7,119427,35.1,2161.4,178.9,134440,6981.1,3693,653.4,24876,37786.6),(12,15,'충남',2996.3,363386,104865,0,107681,11619.5,1498,0.4,180355,97,0,2140.2,21598.3,31734.4),(13,16,'전북',13072.4,218040,76138.6,0,98469.6,6115.9,6213.3,0,180778,676.2,2.3,30208.6,16083.6,20911.4),(14,17,'전남',16584.6,161947,114743,50034,105174,2036.9,3459.7,246.3,158060,14658.2,22270,1145.5,17424.2,22920.6),(15,18,'경북',63298.4,344117,186397,4938,117201,12286,2724.8,0,222973,10098.4,2551.8,2070,19374.7,27032.1),(16,19,'경남',20465.6,371480,188808,0,324371,16269.7,4110.1,0,273415,21207.9,4263.7,0,67063.5,127593),(17,20,'제주',0,124355,10489.8,0,185266,7566,837,0.1,83227.3,0,644,0,15660.4,81842.7);
/*!40000 ALTER TABLE `trash` ENABLE KEYS */;
UNLOCK TABLES;
/*!40103 SET TIME_ZONE=@OLD_TIME_ZONE */;

/*!40101 SET SQL_MODE=@OLD_SQL_MODE */;
/*!40014 SET FOREIGN_KEY_CHECKS=@OLD_FOREIGN_KEY_CHECKS */;
/*!40014 SET UNIQUE_CHECKS=@OLD_UNIQUE_CHECKS */;
/*!40101 SET CHARACTER_SET_CLIENT=@OLD_CHARACTER_SET_CLIENT */;
/*!40101 SET CHARACTER_SET_RESULTS=@OLD_CHARACTER_SET_RESULTS */;
/*!40101 SET COLLATION_CONNECTION=@OLD_COLLATION_CONNECTION */;
/*!40111 SET SQL_NOTES=@OLD_SQL_NOTES */;

-- Dump completed on 2023-09-15  9:29:54
