2. 생활계폐기물 발생 및 처리현황,,,,,,,,,,,,,,,,,,,,
가-1). 시·도 생활(가정)폐기물,,,,,,,,,,,,,,,,,,,,
,,,,,,,,,,,,,,,,,,,,( 단위 : 톤/년 )
시도,폐기물 종류,,,"2021년
발생량",총계,,,,공공처리,,,,자가처리,,,,위탁처리,,,
,,,,,재활용,소각,매립,기타,재활용,소각,매립,기타,재활용,소각,매립,기타,재활용,소각,매립,기타
전국,합계,,,"16,751,314.6","9,156,504.0","5,011,416.2","2,475,575.9","107,818.5","4,012,167.5","4,398,516.7","2,470,564.9","70,229.5","39,990.4",394.9,36.7,208.4,"5,104,346.1","612,504.6","4,974.3","37,380.6"
,종량제방식 등 혼합배출,소계,,"8,147,806.3","896,600.7","4,792,513.8","2,387,728.8","70,963.0","568,725.1","4,240,287.4","2,384,237.5","64,880.6",0.0,0.0,0.0,0.0,"327,875.6","552,226.4","3,491.3","6,082.4"
,,가연성,소계,"6,927,858.2","813,666.5","4,432,027.0","1,628,305.2","53,859.5","536,109.5","3,923,986.1","1,628,305.2","49,251.5",0.0,0.0,0.0,0.0,"277,557.0","508,040.9",0.0,"4,608.0"
,,,폐지류,"1,873,452.9","135,802.5","1,286,870.6","435,504.3","15,275.5","123,336.1","1,175,097.6","435,504.3","15,275.5",0.0,0.0,0.0,0.0,"12,466.4","111,773.0",0.0,0.0
,,,폐합성수지류,"1,750,968.8","240,952.3","1,087,957.3","411,708.5","10,350.7","154,105.5","932,615.5","411,708.5","10,350.7",0.0,0.0,0.0,0.0,"86,846.8","155,341.8",0.0,0.0
,,,폐고무류,"107,296.2","4,914.4","80,932.9","20,903.5",545.4,"3,540.1","75,764.6","20,903.5",545.4,0.0,0.0,0.0,0.0,"1,374.3","5,168.3",0.0,0.0
,,,폐섬유류,"396,048.7","42,760.3","270,274.2","80,823.6","2,190.6","39,037.3","251,326.0","80,823.6","2,190.6",0.0,0.0,0.0,0.0,"3,723.0","18,948.2",0.0,0.0
,,,음식물류 폐기물,"523,535.9","31,254.8","385,969.1","103,406.9","2,905.1","28,735.8","356,048.1","103,406.9","2,905.1",0.0,0.0,0.0,0.0,"2,519.0","29,921.0",0.0,0.0
,,,폐목재류,"446,902.0","188,547.0","197,640.8","54,536.4","6,177.8","30,149.7","171,141.7","54,536.4","1,569.8",0.0,0.0,0.0,0.0,"158,397.3","26,499.1",0.0,"4,608.0"
,,,기타,"1,829,653.7","169,435.2","1,122,382.1","521,422.0","16,414.4","157,205.0","961,992.6","521,422.0","16,414.4",0.0,0.0,0.0,0.0,"12,230.2","160,389.5",0.0,0.0
,,불연성,소계,"959,725.8","56,554.7","311,562.1","578,646.6","12,962.4","31,507.6","282,424.6","578,320.6","12,888.1",0.0,0.0,0.0,0.0,"25,047.1","29,137.5",326.0,74.3
,,,폐금속류,"178,206.8","11,129.9","86,974.4","78,625.5","1,477.0","8,319.4","80,519.3","78,625.5","1,477.0",0.0,0.0,0.0,0.0,"2,810.5","6,455.1",0.0,0.0
,,,폐유리류,"239,808.8","8,984.3","111,192.6","117,740.4","1,891.5","7,150.2","101,448.6","117,740.4","1,891.5",0.0,0.0,0.0,0.0,"1,834.1","9,744.0",0.0,0.0
,,,폐토사류,"76,362.8","8,156.1","15,855.7","49,766.1","2,584.9",926.5,"12,755.9","49,766.1","2,584.9",0.0,0.0,0.0,0.0,"7,229.6","3,099.8",0.0,0.0
,,,폐타일 및 도자기류,"46,498.7","4,371.6","8,445.3","33,097.4",584.4,549.7,"7,754.4","33,097.4",510.1,0.0,0.0,0.0,0.0,"3,821.9",690.9,0.0,74.3
,,,연탄재,"39,982.8","7,295.7","6,527.8","25,802.7",356.6,"3,557.2","4,590.2","25,802.7",356.6,0.0,0.0,0.0,0.0,"3,738.5","1,937.6",0.0,0.0
,,,기타,"378,865.9","16,617.1","82,566.3","273,614.5","6,068.0","11,004.6","75,356.2","273,288.5","6,068.0",0.0,0.0,0.0,0.0,"5,612.5","7,210.1",326.0,0.0
,,건설폐재류,건설폐재류(공사장생활폐기물),"195,182.5","23,435.0","14,198.3","156,149.1","1,400.1","1,070.0","13,130.3","152,983.8",0.0,0.0,0.0,0.0,0.0,"22,365.0","1,068.0","3,165.3","1,400.1"
,,기타(배출불명등),,"65,039.8","2,944.5","34,726.4","24,627.9","2,741.0",38.0,"20,746.4","24,627.9","2,741.0",0.0,0.0,0.0,0.0,"2,906.5","13,980.0",0.0,0.0
,"재활용 
가능자원
 분리배출",소계,,"4,127,950.4","3,923,303.4","154,369.7","49,851.6",425.7,"1,307,096.5","96,097.2","48,331.9",425.2,764.1,394.9,36.7,0.4,"2,615,442.8","57,877.6","1,483.0",0.1
,,폐지류,종이팩,"16,534.5","16,534.5",0.0,0.0,0.0,"10,669.8",0.0,0.0,0.0,0.0,0.0,0.0,0.0,"5,864.7",0.0,0.0,0.0
,,,기타,"1,245,134.8","1,245,134.8",0.0,0.0,0.0,"127,581.9",0.0,0.0,0.0,0.0,0.0,0.0,0.0,"1,117,552.9",0.0,0.0,0.0
,,고철류,,"146,660.1","146,660.1",0.0,0.0,0.0,"21,319.5",0.0,0.0,0.0,0.0,0.0,0.0,0.0,"125,340.6",0.0,0.0,0.0
,,금속캔,,"92,120.9","92,120.9",0.0,0.0,0.0,"25,557.2",0.0,0.0,0.0,0.0,0.0,0.0,0.0,"66,563.7",0.0,0.0,0.0
,,폐합성수지류,비닐류,"439,615.7","439,615.7",0.0,0.0,0.0,"195,684.4",0.0,0.0,0.0,0.0,0.0,0.0,0.0,"243,931.3",0.0,0.0,0.0
,,,발포수지류,"62,222.9","62,222.9",0.0,0.0,0.0,"28,193.2",0.0,0.0,0.0,0.0,0.0,0.0,0.0,"34,029.7",0.0,0.0,0.0
,,,PET병,"185,719.0","185,719.0",0.0,0.0,0.0,"97,933.2",0.0,0.0,0.0,0.0,0.0,0.0,0.0,"87,785.8",0.0,0.0,0.0
,,,기타,"471,651.9","471,651.9",0.0,0.0,0.0,"190,488.5",0.0,0.0,0.0,0.0,0.0,0.0,0.0,"281,163.4",0.0,0.0,0.0
,,폐고무류,,"6,282.1","6,282.1",0.0,0.0,0.0,396.8,0.0,0.0,0.0,0.0,0.0,0.0,0.0,"5,885.3",0.0,0.0,0.0
,,폐유리병류,,"282,434.9","282,434.9",0.0,0.0,0.0,"111,390.7",0.0,0.0,0.0,0.0,0.0,0.0,0.0,"171,044.2",0.0,0.0,0.0
,,폐의류,,"118,386.3","118,386.3",0.0,0.0,0.0,931.7,0.0,0.0,0.0,0.0,0.0,0.0,0.0,"117,454.6",0.0,0.0,0.0
,,폐섬유류,,"15,655.6","15,655.6",0.0,0.0,0.0,"3,259.4",0.0,0.0,0.0,0.0,0.0,0.0,0.0,"12,396.2",0.0,0.0,0.0
,,조명폐기물,,"6,296.6","6,296.6",0.0,0.0,0.0,"3,859.4",0.0,0.0,0.0,0.0,0.0,0.0,0.0,"2,437.2",0.0,0.0,0.0
,,폐전지류,,"4,432.8","4,432.8",0.0,0.0,0.0,"2,412.1",0.0,0.0,0.0,0.0,0.0,0.0,0.0,"2,020.7",0.0,0.0,0.0
,,영농폐기물,농약용기류,"5,194.4","5,194.4",0.0,0.0,0.0,"4,444.7",0.0,0.0,0.0,0.0,0.0,0.0,0.0,749.7,0.0,0.0,0.0
,,,폐비닐,"202,424.1","202,424.1",0.0,0.0,0.0,"195,466.4",0.0,0.0,0.0,0.0,0.0,0.0,0.0,"6,957.7",0.0,0.0,0.0
,,폐식용유,,"3,220.3","3,220.3",0.0,0.0,0.0,110.7,0.0,0.0,0.0,0.0,0.0,0.0,0.0,"3,109.6",0.0,0.0,0.0
,,폐전기전자제품,,"85,933.3","85,933.3",0.0,0.0,0.0,"41,474.1",0.0,0.0,0.0,0.0,0.0,0.0,0.0,"44,459.2",0.0,0.0,0.0
,,폐가구류,,"111,983.7","111,983.7",0.0,0.0,0.0,"58,405.5",0.0,0.0,0.0,0.0,0.0,0.0,0.0,"53,578.2",0.0,0.0,0.0
,,기타,,"66,060.0","66,059.8",0.0,0.0,0.2,"33,853.3",0.0,0.0,0.0,0.0,0.0,0.0,0.1,"32,206.5",0.0,0.0,0.1
,,재활용 잔재물,,"559,986.5","355,339.7","154,369.7","49,851.6",425.5,"153,664.0","96,097.2","48,331.9",425.2,764.1,394.9,36.7,0.3,"200,911.6","57,877.6","1,483.0",0.0
,음식물류 폐기물 분리배출,,,"4,475,557.9","4,336,599.9","64,532.7","37,995.5","36,429.8","2,136,345.9","62,132.1","37,995.5","4,923.7","39,226.3",0.0,0.0,208.0,"2,161,027.7","2,400.6",0.0,"31,298.1"
서울,합계,,,"2,899,182.3","1,770,556.1","797,576.8","330,941.3",108.1,"359,926.5","733,105.2","327,776.0",0.0,"6,151.7",0.0,0.0,108.1,"1,404,477.9","64,471.6","3,165.3",0.0
,종량제방식 등 혼합배출,소계,,"1,162,846.9","42,475.3","789,430.3","330,941.3",0.0,0.0,"733,105.2","327,776.0",0.0,0.0,0.0,0.0,0.0,"42,475.3","56,325.1","3,165.3",0.0
,,가연성,소계,"1,085,897.4","40,439.4","740,817.1","304,640.9",0.0,0.0,"685,232.2","304,640.9",0.0,0.0,0.0,0.0,0.0,"40,439.4","55,584.9",0.0,0.0
,,,폐지류,"339,570.4",0.0,"236,193.2","103,377.2",0.0,0.0,"232,527.4","103,377.2",0.0,0.0,0.0,0.0,0.0,0.0,"3,665.8",0.0,0.0
,,,폐합성수지류,"248,002.5","5,912.9","181,528.4","60,561.2",0.0,0.0,"136,221.4","60,561.2",0.0,0.0,0.0,0.0,0.0,"5,912.9","45,307.0",0.0,0.0
,,,폐고무류,"6,244.3",0.0,"4,343.4","1,900.9",0.0,0.0,"4,276.0","1,900.9",0.0,0.0,0.0,0.0,0.0,0.0,67.4,0.0,0.0
,,,폐섬유류,"21,642.0",0.0,"15,181.3","6,460.7",0.0,0.0,"14,531.9","6,460.7",0.0,0.0,0.0,0.0,0.0,0.0,649.4,0.0,0.0
,,,음식물류 폐기물,"26,089.2",0.0,"18,159.0","7,930.2",0.0,0.0,"17,836.8","7,930.2",0.0,0.0,0.0,0.0,0.0,0.0,322.2,0.0,0.0
,,,폐목재류,"45,361.7","33,572.9","8,200.0","3,588.8",0.0,0.0,"8,072.7","3,588.8",0.0,0.0,0.0,0.0,0.0,"33,572.9",127.3,0.0,0.0
,,,기타,"398,987.3",953.6,"277,211.8","120,821.9",0.0,0.0,"271,766.0","120,821.9",0.0,0.0,0.0,0.0,0.0,953.6,"5,445.8",0.0,0.0
,,불연성,소계,"68,560.2",0.0,"47,688.1","20,872.1",0.0,0.0,"46,947.9","20,872.1",0.0,0.0,0.0,0.0,0.0,0.0,740.2,0.0,0.0
,,,폐금속류,"10,603.8",0.0,"7,375.9","3,227.9",0.0,0.0,"7,261.4","3,227.9",0.0,0.0,0.0,0.0,0.0,0.0,114.5,0.0,0.0
,,,폐유리류,"21,011.1",0.0,"14,614.2","6,396.9",0.0,0.0,"14,387.4","6,396.9",0.0,0.0,0.0,0.0,0.0,0.0,226.8,0.0,0.0
,,,폐토사류,"3,998.2",0.0,"2,781.0","1,217.2",0.0,0.0,"2,737.8","1,217.2",0.0,0.0,0.0,0.0,0.0,0.0,43.2,0.0,0.0
,,,폐타일 및 도자기류,"4,797.5",0.0,"3,337.1","1,460.4",0.0,0.0,"3,285.3","1,460.4",0.0,0.0,0.0,0.0,0.0,0.0,51.8,0.0,0.0
,,,연탄재,20.5,0.0,14.3,6.2,0.0,0.0,14.1,6.2,0.0,0.0,0.0,0.0,0.0,0.0,0.2,0.0,0.0
,,,기타,"28,129.1",0.0,"19,565.6","8,563.5",0.0,0.0,"19,261.9","8,563.5",0.0,0.0,0.0,0.0,0.0,0.0,303.7,0.0,0.0
,,건설폐재류,건설폐재류(공사장생활폐기물),"8,328.9","2,035.9",871.5,"5,421.5",0.0,0.0,871.5,"2,256.2",0.0,0.0,0.0,0.0,0.0,"2,035.9",0.0,"3,165.3",0.0
,,기타(배출불명등),,60.4,0.0,53.6,6.8,0.0,0.0,53.6,6.8,0.0,0.0,0.0,0.0,0.0,0.0,0.0,0.0,0.0
,"재활용 
가능자원
 분리배출",소계,,"900,880.7","892,734.2","8,146.5",0.0,0.0,"150,484.9",0.0,0.0,0.0,0.0,0.0,0.0,0.0,"742,249.3","8,146.5",0.0,0.0
,,폐지류,종이팩,740.4,740.4,0.0,0.0,0.0,249.6,0.0,0.0,0.0,0.0,0.0,0.0,0.0,490.8,0.0,0.0,0.0
,,,기타,"242,592.7","242,592.7",0.0,0.0,0.0,"13,157.4",0.0,0.0,0.0,0.0,0.0,0.0,0.0,"229,435.3",0.0,0.0,0.0
,,고철류,,"11,393.4","11,393.4",0.0,0.0,0.0,"1,259.4",0.0,0.0,0.0,0.0,0.0,0.0,0.0,"10,134.0",0.0,0.0,0.0
,,금속캔,,"18,812.4","18,812.4",0.0,0.0,0.0,"3,513.3",0.0,0.0,0.0,0.0,0.0,0.0,0.0,"15,299.1",0.0,0.0,0.0
,,폐합성수지류,비닐류,"142,013.8","142,013.8",0.0,0.0,0.0,"33,380.9",0.0,0.0,0.0,0.0,0.0,0.0,0.0,"108,632.9",0.0,0.0,0.0
,,,발포수지류,"15,494.8","15,494.8",0.0,0.0,0.0,"2,792.4",0.0,0.0,0.0,0.0,0.0,0.0,0.0,"12,702.4",0.0,0.0,0.0
,,,PET병,"39,452.2","39,452.2",0.0,0.0,0.0,"9,545.4",0.0,0.0,0.0,0.0,0.0,0.0,0.0,"29,906.8",0.0,0.0,0.0
,,,기타,"113,616.5","113,616.5",0.0,0.0,0.0,"8,327.2",0.0,0.0,0.0,0.0,0.0,0.0,0.0,"105,289.3",0.0,0.0,0.0
,,폐고무류,,22.2,22.2,0.0,0.0,0.0,7.4,0.0,0.0,0.0,0.0,0.0,0.0,0.0,14.8,0.0,0.0,0.0
,,폐유리병류,,"58,904.0","58,904.0",0.0,0.0,0.0,"8,702.2",0.0,0.0,0.0,0.0,0.0,0.0,0.0,"50,201.8",0.0,0.0,0.0
,,폐의류,,"25,852.4","25,852.4",0.0,0.0,0.0,55.2,0.0,0.0,0.0,0.0,0.0,0.0,0.0,"25,797.2",0.0,0.0,0.0
,,폐섬유류,,"14,042.3","14,042.3",0.0,0.0,0.0,"2,035.8",0.0,0.0,0.0,0.0,0.0,0.0,0.0,"12,006.5",0.0,0.0,0.0
,,조명폐기물,,"1,536.8","1,536.8",0.0,0.0,0.0,954.6,0.0,0.0,0.0,0.0,0.0,0.0,0.0,582.2,0.0,0.0,0.0
,,폐전지류,,482.7,482.7,0.0,0.0,0.0,64.4,0.0,0.0,0.0,0.0,0.0,0.0,0.0,418.3,0.0,0.0,0.0
,,영농폐기물,농약용기류,0.2,0.2,0.0,0.0,0.0,0.2,0.0,0.0,0.0,0.0,0.0,0.0,0.0,0.0,0.0,0.0,0.0
,,,폐비닐,0.0,0.0,0.0,0.0,0.0,0.0,0.0,0.0,0.0,0.0,0.0,0.0,0.0,0.0,0.0,0.0,0.0
,,폐식용유,,"2,061.1","2,061.1",0.0,0.0,0.0,64.1,0.0,0.0,0.0,0.0,0.0,0.0,0.0,"1,997.0",0.0,0.0,0.0
,,폐전기전자제품,,"7,766.8","7,766.8",0.0,0.0,0.0,297.7,0.0,0.0,0.0,0.0,0.0,0.0,0.0,"7,469.1",0.0,0.0,0.0
,,폐가구류,,"15,784.3","15,784.3",0.0,0.0,0.0,"4,424.0",0.0,0.0,0.0,0.0,0.0,0.0,0.0,"11,360.3",0.0,0.0,0.0
,,기타,,"13,367.9","13,367.9",0.0,0.0,0.0,"2,918.6",0.0,0.0,0.0,0.0,0.0,0.0,0.0,"10,449.3",0.0,0.0,0.0
,,재활용 잔재물,,"176,943.8","168,797.3","8,146.5",0.0,0.0,"58,735.1",0.0,0.0,0.0,0.0,0.0,0.0,0.0,"110,062.2","8,146.5",0.0,0.0
,음식물류 폐기물 분리배출,,,"835,454.7","835,346.6",0.0,0.0,108.1,"209,441.6",0.0,0.0,0.0,"6,151.7",0.0,0.0,108.1,"619,753.3",0.0,0.0,0.0
부산,합계,,,"786,487.3","548,799.0","115,298.6","122,317.7",72.0,"274,539.9","115,298.6","122,317.7",0.0,277.3,0.0,0.0,0.0,"273,981.8",0.0,0.0,72.0
,종량제방식 등 혼합배출,소계,,"341,567.9","107,726.6","111,523.6","122,317.7",0.0,"107,726.6","111,523.6","122,317.7",0.0,0.0,0.0,0.0,0.0,0.0,0.0,0.0,0.0
,,가연성,소계,"251,571.6","107,295.7","97,917.5","46,358.4",0.0,"107,295.7","97,917.5","46,358.4",0.0,0.0,0.0,0.0,0.0,0.0,0.0,0.0,0.0
,,,폐지류,"79,872.2","23,484.4","49,293.2","7,094.6",0.0,"23,484.4","49,293.2","7,094.6",0.0,0.0,0.0,0.0,0.0,0.0,0.0,0.0,0.0
,,,폐합성수지류,"106,400.3","52,893.9","25,985.0","27,521.4",0.0,"52,893.9","25,985.0","27,521.4",0.0,0.0,0.0,0.0,0.0,0.0,0.0,0.0,0.0
,,,폐고무류,489.2,0.0,0.0,489.2,0.0,0.0,0.0,489.2,0.0,0.0,0.0,0.0,0.0,0.0,0.0,0.0,0.0
,,,폐섬유류,"32,120.9","22,084.0","6,245.3","3,791.6",0.0,"22,084.0","6,245.3","3,791.6",0.0,0.0,0.0,0.0,0.0,0.0,0.0,0.0,0.0
,,,음식물류 폐기물,"25,065.3","5,278.6","12,936.8","6,849.9",0.0,"5,278.6","12,936.8","6,849.9",0.0,0.0,0.0,0.0,0.0,0.0,0.0,0.0,0.0
,,,폐목재류,"5,577.1","1,508.2","3,457.2",611.7,0.0,"1,508.2","3,457.2",611.7,0.0,0.0,0.0,0.0,0.0,0.0,0.0,0.0,0.0
,,,기타,"2,046.6","2,046.6",0.0,0.0,0.0,"2,046.6",0.0,0.0,0.0,0.0,0.0,0.0,0.0,0.0,0.0,0.0,0.0
,,불연성,소계,"89,996.3",430.9,"13,606.1","75,959.3",0.0,430.9,"13,606.1","75,959.3",0.0,0.0,0.0,0.0,0.0,0.0,0.0,0.0,0.0
,,,폐금속류,"5,666.1",107.8,"3,234.3","2,324.0",0.0,107.8,"3,234.3","2,324.0",0.0,0.0,0.0,0.0,0.0,0.0,0.0,0.0,0.0
,,,폐유리류,"5,215.6",323.1,"3,791.7","1,100.8",0.0,323.1,"3,791.7","1,100.8",0.0,0.0,0.0,0.0,0.0,0.0,0.0,0.0,0.0
,,,폐토사류,0.0,0.0,0.0,0.0,0.0,0.0,0.0,0.0,0.0,0.0,0.0,0.0,0.0,0.0,0.0,0.0,0.0
,,,폐타일 및 도자기류,0.0,0.0,0.0,0.0,0.0,0.0,0.0,0.0,0.0,0.0,0.0,0.0,0.0,0.0,0.0,0.0,0.0
,,,연탄재,0.0,0.0,0.0,0.0,0.0,0.0,0.0,0.0,0.0,0.0,0.0,0.0,0.0,0.0,0.0,0.0,0.0
,,,기타,"79,114.6",0.0,"6,580.1","72,534.5",0.0,0.0,"6,580.1","72,534.5",0.0,0.0,0.0,0.0,0.0,0.0,0.0,0.0,0.0
,,건설폐재류,건설폐재류(공사장생활폐기물),0.0,0.0,0.0,0.0,0.0,0.0,0.0,0.0,0.0,0.0,0.0,0.0,0.0,0.0,0.0,0.0,0.0
,,기타(배출불명등),,0.0,0.0,0.0,0.0,0.0,0.0,0.0,0.0,0.0,0.0,0.0,0.0,0.0,0.0,0.0,0.0,0.0
,"재활용 
가능자원
 분리배출",소계,,"232,079.2","228,304.2","3,775.0",0.0,0.0,"111,668.2","3,775.0",0.0,0.0,0.0,0.0,0.0,0.0,"116,636.0",0.0,0.0,0.0
,,폐지류,종이팩,209.2,209.2,0.0,0.0,0.0,194.4,0.0,0.0,0.0,0.0,0.0,0.0,0.0,14.8,0.0,0.0,0.0
,,,기타,"84,844.9","84,844.9",0.0,0.0,0.0,"14,021.8",0.0,0.0,0.0,0.0,0.0,0.0,0.0,"70,823.1",0.0,0.0,0.0
,,고철류,,"3,262.3","3,262.3",0.0,0.0,0.0,503.5,0.0,0.0,0.0,0.0,0.0,0.0,0.0,"2,758.8",0.0,0.0,0.0
,,금속캔,,"5,405.5","5,405.5",0.0,0.0,0.0,"1,920.5",0.0,0.0,0.0,0.0,0.0,0.0,0.0,"3,485.0",0.0,0.0,0.0
,,폐합성수지류,비닐류,"26,639.7","26,639.7",0.0,0.0,0.0,"20,657.9",0.0,0.0,0.0,0.0,0.0,0.0,0.0,"5,981.8",0.0,0.0,0.0
,,,발포수지류,"3,636.0","3,636.0",0.0,0.0,0.0,"2,704.0",0.0,0.0,0.0,0.0,0.0,0.0,0.0,932.0,0.0,0.0,0.0
,,,PET병,"4,400.2","4,400.2",0.0,0.0,0.0,"3,141.7",0.0,0.0,0.0,0.0,0.0,0.0,0.0,"1,258.5",0.0,0.0,0.0
,,,기타,"53,981.0","53,981.0",0.0,0.0,0.0,"39,331.1",0.0,0.0,0.0,0.0,0.0,0.0,0.0,"14,649.9",0.0,0.0,0.0
,,폐고무류,,10.5,10.5,0.0,0.0,0.0,10.5,0.0,0.0,0.0,0.0,0.0,0.0,0.0,0.0,0.0,0.0,0.0
,,폐유리병류,,"25,364.2","25,364.2",0.0,0.0,0.0,"18,191.2",0.0,0.0,0.0,0.0,0.0,0.0,0.0,"7,173.0",0.0,0.0,0.0
,,폐의류,,"8,482.7","8,482.7",0.0,0.0,0.0,49.6,0.0,0.0,0.0,0.0,0.0,0.0,0.0,"8,433.1",0.0,0.0,0.0
,,폐섬유류,,0.0,0.0,0.0,0.0,0.0,0.0,0.0,0.0,0.0,0.0,0.0,0.0,0.0,0.0,0.0,0.0,0.0
,,조명폐기물,,350.8,350.8,0.0,0.0,0.0,334.4,0.0,0.0,0.0,0.0,0.0,0.0,0.0,16.4,0.0,0.0,0.0
,,폐전지류,,307.2,307.2,0.0,0.0,0.0,287.7,0.0,0.0,0.0,0.0,0.0,0.0,0.0,19.5,0.0,0.0,0.0
,,영농폐기물,농약용기류,10.6,10.6,0.0,0.0,0.0,10.6,0.0,0.0,0.0,0.0,0.0,0.0,0.0,0.0,0.0,0.0,0.0
,,,폐비닐,283.3,283.3,0.0,0.0,0.0,283.3,0.0,0.0,0.0,0.0,0.0,0.0,0.0,0.0,0.0,0.0,0.0
,,폐식용유,,0.0,0.0,0.0,0.0,0.0,0.0,0.0,0.0,0.0,0.0,0.0,0.0,0.0,0.0,0.0,0.0,0.0
,,폐전기전자제품,,"11,092.3","11,092.3",0.0,0.0,0.0,"10,018.1",0.0,0.0,0.0,0.0,0.0,0.0,0.0,"1,074.2",0.0,0.0,0.0
,,폐가구류,,0.0,0.0,0.0,0.0,0.0,0.0,0.0,0.0,0.0,0.0,0.0,0.0,0.0,0.0,0.0,0.0,0.0
,,기타,,23.8,23.8,0.0,0.0,0.0,7.9,0.0,0.0,0.0,0.0,0.0,0.0,0.0,15.9,0.0,0.0,0.0
,,재활용 잔재물,,"3,775.0",0.0,"3,775.0",0.0,0.0,0.0,"3,775.0",0.0,0.0,0.0,0.0,0.0,0.0,0.0,0.0,0.0,0.0
,음식물류 폐기물 분리배출,,,"212,840.2","212,768.2",0.0,0.0,72.0,"55,145.1",0.0,0.0,0.0,277.3,0.0,0.0,0.0,"157,345.8",0.0,0.0,72.0
대구,합계,,,"796,937.9","484,335.0","85,479.2","227,123.7",0.0,"328,489.1","84,736.4","227,012.9",0.0,"5,868.8",0.0,0.0,0.0,"149,977.1",742.8,110.8,0.0
,종량제방식 등 혼합배출,소계,,"439,318.3","130,395.4","84,736.4","224,186.5",0.0,"130,395.4","84,736.4","224,186.5",0.0,0.0,0.0,0.0,0.0,0.0,0.0,0.0,0.0
,,가연성,소계,"339,127.7","121,173.5","78,677.2","139,277.0",0.0,"121,173.5","78,677.2","139,277.0",0.0,0.0,0.0,0.0,0.0,0.0,0.0,0.0,0.0
,,,폐지류,"75,899.8","27,119.6","17,609.0","31,171.2",0.0,"27,119.6","17,609.0","31,171.2",0.0,0.0,0.0,0.0,0.0,0.0,0.0,0.0,0.0
,,,폐합성수지류,"68,632.6","24,522.7","15,922.7","28,187.2",0.0,"24,522.7","15,922.7","28,187.2",0.0,0.0,0.0,0.0,0.0,0.0,0.0,0.0,0.0
,,,폐고무류,"2,298.2",821.0,533.3,943.9,0.0,821.0,533.3,943.9,0.0,0.0,0.0,0.0,0.0,0.0,0.0,0.0,0.0
,,,폐섬유류,"16,528.1","5,905.7","3,834.7","6,787.7",0.0,"5,905.7","3,834.7","6,787.7",0.0,0.0,0.0,0.0,0.0,0.0,0.0,0.0,0.0
,,,음식물류 폐기물,"23,680.7","8,461.4","5,494.0","9,725.3",0.0,"8,461.4","5,494.0","9,725.3",0.0,0.0,0.0,0.0,0.0,0.0,0.0,0.0,0.0
,,,폐목재류,"6,459.4","2,308.1","1,498.5","2,652.8",0.0,"2,308.1","1,498.5","2,652.8",0.0,0.0,0.0,0.0,0.0,0.0,0.0,0.0,0.0
,,,기타,"145,628.9","52,035.0","33,785.0","59,808.9",0.0,"52,035.0","33,785.0","59,808.9",0.0,0.0,0.0,0.0,0.0,0.0,0.0,0.0,0.0
,,불연성,소계,"25,780.1","9,212.0","5,980.7","10,587.4",0.0,"9,212.0","5,980.7","10,587.4",0.0,0.0,0.0,0.0,0.0,0.0,0.0,0.0,0.0
,,,폐금속류,"5,655.8","2,020.9","1,312.1","2,322.8",0.0,"2,020.9","1,312.1","2,322.8",0.0,0.0,0.0,0.0,0.0,0.0,0.0,0.0,0.0
,,,폐유리류,"7,954.9","2,842.3","1,845.6","3,267.0",0.0,"2,842.3","1,845.6","3,267.0",0.0,0.0,0.0,0.0,0.0,0.0,0.0,0.0,0.0
,,,폐토사류,"1,129.9",403.8,262.2,463.9,0.0,403.8,262.2,463.9,0.0,0.0,0.0,0.0,0.0,0.0,0.0,0.0,0.0
,,,폐타일 및 도자기류,692.8,247.7,160.8,284.3,0.0,247.7,160.8,284.3,0.0,0.0,0.0,0.0,0.0,0.0,0.0,0.0,0.0
,,,연탄재,35.0,12.6,8.1,14.3,0.0,12.6,8.1,14.3,0.0,0.0,0.0,0.0,0.0,0.0,0.0,0.0,0.0
,,,기타,"10,311.7","3,684.7","2,391.9","4,235.1",0.0,"3,684.7","2,391.9","4,235.1",0.0,0.0,0.0,0.0,0.0,0.0,0.0,0.0,0.0
,,건설폐재류,건설폐재류(공사장생활폐기물),"74,376.7",0.0,67.1,"74,309.6",0.0,0.0,67.1,"74,309.6",0.0,0.0,0.0,0.0,0.0,0.0,0.0,0.0,0.0
,,기타(배출불명등),,33.8,9.9,11.4,12.5,0.0,9.9,11.4,12.5,0.0,0.0,0.0,0.0,0.0,0.0,0.0,0.0,0.0
,"재활용 
가능자원
 분리배출",소계,,"136,229.6","132,549.6",742.8,"2,937.2",0.0,"64,597.7",0.0,"2,826.4",0.0,0.0,0.0,0.0,0.0,"67,951.9",742.8,110.8,0.0
,,폐지류,종이팩,112.3,112.3,0.0,0.0,0.0,80.2,0.0,0.0,0.0,0.0,0.0,0.0,0.0,32.1,0.0,0.0,0.0
,,,기타,"24,834.9","24,834.9",0.0,0.0,0.0,640.0,0.0,0.0,0.0,0.0,0.0,0.0,0.0,"24,194.9",0.0,0.0,0.0
,,고철류,,760.1,760.1,0.0,0.0,0.0,147.1,0.0,0.0,0.0,0.0,0.0,0.0,0.0,613.0,0.0,0.0,0.0
,,금속캔,,"1,837.5","1,837.5",0.0,0.0,0.0,845.3,0.0,0.0,0.0,0.0,0.0,0.0,0.0,992.2,0.0,0.0,0.0
,,폐합성수지류,비닐류,"15,679.3","15,679.3",0.0,0.0,0.0,"10,098.3",0.0,0.0,0.0,0.0,0.0,0.0,0.0,"5,581.0",0.0,0.0,0.0
,,,발포수지류,"2,052.1","2,052.1",0.0,0.0,0.0,"1,254.8",0.0,0.0,0.0,0.0,0.0,0.0,0.0,797.3,0.0,0.0,0.0
,,,PET병,"10,605.1","10,605.1",0.0,0.0,0.0,"6,209.9",0.0,0.0,0.0,0.0,0.0,0.0,0.0,"4,395.2",0.0,0.0,0.0
,,,기타,"11,644.3","11,644.3",0.0,0.0,0.0,"7,746.1",0.0,0.0,0.0,0.0,0.0,0.0,0.0,"3,898.2",0.0,0.0,0.0
,,폐고무류,,0.4,0.4,0.0,0.0,0.0,0.4,0.0,0.0,0.0,0.0,0.0,0.0,0.0,0.0,0.0,0.0,0.0
,,폐유리병류,,"14,913.0","14,913.0",0.0,0.0,0.0,"8,864.0",0.0,0.0,0.0,0.0,0.0,0.0,0.0,"6,049.0",0.0,0.0,0.0
,,폐의류,,"2,457.3","2,457.3",0.0,0.0,0.0,3.7,0.0,0.0,0.0,0.0,0.0,0.0,0.0,"2,453.6",0.0,0.0,0.0
,,폐섬유류,,40.0,40.0,0.0,0.0,0.0,40.0,0.0,0.0,0.0,0.0,0.0,0.0,0.0,0.0,0.0,0.0,0.0
,,조명폐기물,,336.6,336.6,0.0,0.0,0.0,237.2,0.0,0.0,0.0,0.0,0.0,0.0,0.0,99.4,0.0,0.0,0.0
,,폐전지류,,229.0,229.0,0.0,0.0,0.0,134.6,0.0,0.0,0.0,0.0,0.0,0.0,0.0,94.4,0.0,0.0,0.0
,,영농폐기물,농약용기류,3.0,3.0,0.0,0.0,0.0,3.0,0.0,0.0,0.0,0.0,0.0,0.0,0.0,0.0,0.0,0.0,0.0
,,,폐비닐,492.1,492.1,0.0,0.0,0.0,492.1,0.0,0.0,0.0,0.0,0.0,0.0,0.0,0.0,0.0,0.0,0.0
,,폐식용유,,802.5,802.5,0.0,0.0,0.0,2.9,0.0,0.0,0.0,0.0,0.0,0.0,0.0,799.6,0.0,0.0,0.0
,,폐전기전자제품,,"3,372.3","3,372.3",0.0,0.0,0.0,"1,127.4",0.0,0.0,0.0,0.0,0.0,0.0,0.0,"2,244.9",0.0,0.0,0.0
,,폐가구류,,"11,022.9","11,022.9",0.0,0.0,0.0,"1,203.3",0.0,0.0,0.0,0.0,0.0,0.0,0.0,"9,819.6",0.0,0.0,0.0
,,기타,,"3,632.7","3,632.7",0.0,0.0,0.0,"2,813.6",0.0,0.0,0.0,0.0,0.0,0.0,0.0,819.1,0.0,0.0,0.0
,,재활용 잔재물,,"31,402.2","27,722.2",742.8,"2,937.2",0.0,"22,653.8",0.0,"2,826.4",0.0,0.0,0.0,0.0,0.0,"5,068.4",742.8,110.8,0.0
,음식물류 폐기물 분리배출,,,"221,390.0","221,390.0",0.0,0.0,0.0,"133,496.0",0.0,0.0,0.0,"5,868.8",0.0,0.0,0.0,"82,025.2",0.0,0.0,0.0
인천,합계,,,"843,308.0","515,070.5","237,024.0","91,213.5",0.0,"135,537.9","205,623.0","91,213.5",0.0,499.1,0.0,0.0,0.0,"379,033.5","31,401.0",0.0,0.0
,종량제방식 등 혼합배출,소계,,"388,259.4","70,314.6","226,731.3","91,213.5",0.0,"33,835.5","203,747.0","91,213.5",0.0,0.0,0.0,0.0,0.0,"36,479.1","22,984.3",0.0,0.0
,,가연성,소계,"358,569.9","63,003.9","211,006.4","84,559.6",0.0,"31,444.5","189,345.8","84,559.6",0.0,0.0,0.0,0.0,0.0,"31,559.4","21,660.6",0.0,0.0
,,,폐지류,"71,376.6","7,037.8","45,442.8","18,896.0",0.0,"7,037.8","42,379.4","18,896.0",0.0,0.0,0.0,0.0,0.0,0.0,"3,063.4",0.0,0.0
,,,폐합성수지류,"68,765.5","8,696.4","42,981.0","17,088.1",0.0,"6,364.4","38,324.7","17,088.1",0.0,0.0,0.0,0.0,0.0,"2,332.0","4,656.3",0.0,0.0
,,,폐고무류,"2,162.2",213.2,"1,376.5",572.5,0.0,213.2,"1,283.7",572.5,0.0,0.0,0.0,0.0,0.0,0.0,92.8,0.0,0.0
,,,폐섬유류,"15,545.2","1,532.7","9,897.0","4,115.5",0.0,"1,532.7","9,229.8","4,115.5",0.0,0.0,0.0,0.0,0.0,0.0,667.2,0.0,0.0
,,,음식물류 폐기물,"22,406.3","2,196.0","14,179.2","6,031.1",0.0,"2,196.0","13,223.3","6,031.1",0.0,0.0,0.0,0.0,0.0,0.0,955.9,0.0,0.0
,,,폐목재류,"34,920.9","29,445.8","3,867.1","1,608.0",0.0,598.9,"3,606.4","1,608.0",0.0,0.0,0.0,0.0,0.0,"28,846.9",260.7,0.0,0.0
,,,기타,"143,393.2","13,882.0","93,262.8","36,248.4",0.0,"13,501.5","81,298.5","36,248.4",0.0,0.0,0.0,0.0,0.0,380.5,"11,964.3",0.0,0.0
,,불연성,소계,"26,184.9","4,097.7","15,442.6","6,644.6",0.0,"2,391.0","14,401.2","6,644.6",0.0,0.0,0.0,0.0,0.0,"1,706.7","1,041.4",0.0,0.0
,,,폐금속류,"5,318.6",524.4,"3,386.2","1,408.0",0.0,524.4,"3,157.9","1,408.0",0.0,0.0,0.0,0.0,0.0,0.0,228.3,0.0,0.0
,,,폐유리류,"8,165.1","1,422.0","4,762.7","1,980.4",0.0,737.6,"4,441.6","1,980.4",0.0,0.0,0.0,0.0,0.0,684.4,321.1,0.0,0.0
,,,폐토사류,"1,255.9",296.8,677.4,281.7,0.0,104.8,631.7,281.7,0.0,0.0,0.0,0.0,0.0,192.0,45.7,0.0,0.0
,,,폐타일 및 도자기류,"1,448.7",861.0,415.1,172.6,0.0,64.3,387.1,172.6,0.0,0.0,0.0,0.0,0.0,796.7,28.0,0.0,0.0
,,,연탄재,156.8,37.0,22.1,97.7,0.0,3.4,20.6,97.7,0.0,0.0,0.0,0.0,0.0,33.6,1.5,0.0,0.0
,,,기타,"9,839.8",956.5,"6,179.1","2,704.2",0.0,956.5,"5,762.3","2,704.2",0.0,0.0,0.0,0.0,0.0,0.0,416.8,0.0,0.0
,,건설폐재류,건설폐재류(공사장생활폐기물),604.4,595.1,0.0,9.3,0.0,0.0,0.0,9.3,0.0,0.0,0.0,0.0,0.0,595.1,0.0,0.0,0.0
,,기타(배출불명등),,"2,900.2","2,617.9",282.3,0.0,0.0,0.0,0.0,0.0,0.0,0.0,0.0,0.0,0.0,"2,617.9",282.3,0.0,0.0
,"재활용 
가능자원
 분리배출",소계,,"226,926.9","216,634.2","10,292.7",0.0,0.0,"11,945.4","1,876.0",0.0,0.0,0.0,0.0,0.0,0.0,"204,688.8","8,416.7",0.0,0.0
,,폐지류,종이팩,280.4,280.4,0.0,0.0,0.0,29.1,0.0,0.0,0.0,0.0,0.0,0.0,0.0,251.3,0.0,0.0,0.0
,,,기타,"74,072.4","74,072.4",0.0,0.0,0.0,"3,889.1",0.0,0.0,0.0,0.0,0.0,0.0,0.0,"70,183.3",0.0,0.0,0.0
,,고철류,,"6,294.9","6,294.9",0.0,0.0,0.0,384.3,0.0,0.0,0.0,0.0,0.0,0.0,0.0,"5,910.6",0.0,0.0,0.0
,,금속캔,,"7,396.4","7,396.4",0.0,0.0,0.0,486.2,0.0,0.0,0.0,0.0,0.0,0.0,0.0,"6,910.2",0.0,0.0,0.0
,,폐합성수지류,비닐류,"43,226.2","43,226.2",0.0,0.0,0.0,"1,209.8",0.0,0.0,0.0,0.0,0.0,0.0,0.0,"42,016.4",0.0,0.0,0.0
,,,발포수지류,"3,625.6","3,625.6",0.0,0.0,0.0,100.8,0.0,0.0,0.0,0.0,0.0,0.0,0.0,"3,524.8",0.0,0.0,0.0
,,,PET병,"7,305.6","7,305.6",0.0,0.0,0.0,473.3,0.0,0.0,0.0,0.0,0.0,0.0,0.0,"6,832.3",0.0,0.0,0.0
,,,기타,"24,803.9","24,803.9",0.0,0.0,0.0,"1,977.5",0.0,0.0,0.0,0.0,0.0,0.0,0.0,"22,826.4",0.0,0.0,0.0
,,폐고무류,,0.0,0.0,0.0,0.0,0.0,0.0,0.0,0.0,0.0,0.0,0.0,0.0,0.0,0.0,0.0,0.0,0.0
,,폐유리병류,,"16,233.3","16,233.3",0.0,0.0,0.0,"1,378.4",0.0,0.0,0.0,0.0,0.0,0.0,0.0,"14,854.9",0.0,0.0,0.0
,,폐의류,,"7,541.1","7,541.1",0.0,0.0,0.0,0.0,0.0,0.0,0.0,0.0,0.0,0.0,0.0,"7,541.1",0.0,0.0,0.0
,,폐섬유류,,0.0,0.0,0.0,0.0,0.0,0.0,0.0,0.0,0.0,0.0,0.0,0.0,0.0,0.0,0.0,0.0,0.0
,,조명폐기물,,336.5,336.5,0.0,0.0,0.0,3.6,0.0,0.0,0.0,0.0,0.0,0.0,0.0,332.9,0.0,0.0,0.0
,,폐전지류,,292.6,292.6,0.0,0.0,0.0,0.0,0.0,0.0,0.0,0.0,0.0,0.0,0.0,292.6,0.0,0.0,0.0
,,영농폐기물,농약용기류,0.0,0.0,0.0,0.0,0.0,0.0,0.0,0.0,0.0,0.0,0.0,0.0,0.0,0.0,0.0,0.0,0.0
,,,폐비닐,954.8,954.8,0.0,0.0,0.0,954.8,0.0,0.0,0.0,0.0,0.0,0.0,0.0,0.0,0.0,0.0,0.0
,,폐식용유,,0.0,0.0,0.0,0.0,0.0,0.0,0.0,0.0,0.0,0.0,0.0,0.0,0.0,0.0,0.0,0.0,0.0
,,폐전기전자제품,,"4,878.4","4,878.4",0.0,0.0,0.0,78.5,0.0,0.0,0.0,0.0,0.0,0.0,0.0,"4,799.9",0.0,0.0,0.0
,,폐가구류,,800.3,800.3,0.0,0.0,0.0,0.0,0.0,0.0,0.0,0.0,0.0,0.0,0.0,800.3,0.0,0.0,0.0
,,기타,,642.5,642.5,0.0,0.0,0.0,82.4,0.0,0.0,0.0,0.0,0.0,0.0,0.0,560.1,0.0,0.0,0.0
,,재활용 잔재물,,"28,242.0","17,949.3","10,292.7",0.0,0.0,897.6,"1,876.0",0.0,0.0,0.0,0.0,0.0,0.0,"17,051.7","8,416.7",0.0,0.0
,음식물류 폐기물 분리배출,,,"228,121.7","228,121.7",0.0,0.0,0.0,"89,757.0",0.0,0.0,0.0,499.1,0.0,0.0,0.0,"137,865.6",0.0,0.0,0.0
광주,합계,,,"486,488.7","294,685.3","22,007.0","169,796.4",0.0,"145,761.1",0.0,"169,796.4",0.0,555.3,0.0,0.0,0.0,"148,368.9","22,007.0",0.0,0.0
,종량제방식 등 혼합배출,소계,,"199,602.5","13,515.6","17,619.5","168,467.4",0.0,"1,442.3",0.0,"168,467.4",0.0,0.0,0.0,0.0,0.0,"12,073.3","17,619.5",0.0,0.0
,,가연성,소계,"185,884.4","13,413.8","17,531.5","154,939.1",0.0,"1,340.5",0.0,"154,939.1",0.0,0.0,0.0,0.0,0.0,"12,073.3","17,531.5",0.0,0.0
,,,폐지류,"35,467.2",300.1,491.1,"34,676.0",0.0,300.1,0.0,"34,676.0",0.0,0.0,0.0,0.0,0.0,0.0,491.1,0.0,0.0
,,,폐합성수지류,"32,021.4",271.3,390.7,"31,359.4",0.0,271.3,0.0,"31,359.4",0.0,0.0,0.0,0.0,0.0,0.0,390.7,0.0,0.0
,,,폐고무류,"1,072.1",9.1,13.1,"1,049.9",0.0,9.1,0.0,"1,049.9",0.0,0.0,0.0,0.0,0.0,0.0,13.1,0.0,0.0
,,,폐섬유류,"7,709.6",65.3,94.1,"7,550.2",0.0,65.3,0.0,"7,550.2",0.0,0.0,0.0,0.0,0.0,0.0,94.1,0.0,0.0
,,,음식물류 폐기물,"11,047.4",93.7,134.9,"10,818.8",0.0,93.7,0.0,"10,818.8",0.0,0.0,0.0,0.0,0.0,0.0,134.9,0.0,0.0
,,,폐목재류,"15,087.8","12,098.8",36.8,"2,952.2",0.0,25.5,0.0,"2,952.2",0.0,0.0,0.0,0.0,0.0,"12,073.3",36.8,0.0,0.0
,,,기타,"83,478.9",575.5,"16,370.8","66,532.6",0.0,575.5,0.0,"66,532.6",0.0,0.0,0.0,0.0,0.0,0.0,"16,370.8",0.0,0.0
,,불연성,소계,"13,718.1",101.8,88.0,"13,528.3",0.0,101.8,0.0,"13,528.3",0.0,0.0,0.0,0.0,0.0,0.0,88.0,0.0,0.0
,,,폐금속류,"2,638.8",22.2,32.2,"2,584.4",0.0,22.2,0.0,"2,584.4",0.0,0.0,0.0,0.0,0.0,0.0,32.2,0.0,0.0
,,,폐유리류,"3,711.2",31.5,45.3,"3,634.4",0.0,31.5,0.0,"3,634.4",0.0,0.0,0.0,0.0,0.0,0.0,45.3,0.0,0.0
,,,폐토사류,559.0,4.7,6.4,547.9,0.0,4.7,0.0,547.9,0.0,0.0,0.0,0.0,0.0,0.0,6.4,0.0,0.0
,,,폐타일 및 도자기류,322.9,2.8,3.9,316.2,0.0,2.8,0.0,316.2,0.0,0.0,0.0,0.0,0.0,0.0,3.9,0.0,0.0
,,,연탄재,15.2,0.0,0.2,15.0,0.0,0.0,0.0,15.0,0.0,0.0,0.0,0.0,0.0,0.0,0.2,0.0,0.0
,,,기타,"6,471.0",40.6,0.0,"6,430.4",0.0,40.6,0.0,"6,430.4",0.0,0.0,0.0,0.0,0.0,0.0,0.0,0.0,0.0
,,건설폐재류,건설폐재류(공사장생활폐기물),0.0,0.0,0.0,0.0,0.0,0.0,0.0,0.0,0.0,0.0,0.0,0.0,0.0,0.0,0.0,0.0,0.0
,,기타(배출불명등),,0.0,0.0,0.0,0.0,0.0,0.0,0.0,0.0,0.0,0.0,0.0,0.0,0.0,0.0,0.0,0.0,0.0
,"재활용 
가능자원
 분리배출",소계,,"128,437.9","122,721.4","4,387.5","1,329.0",0.0,"23,629.3",0.0,"1,329.0",0.0,0.0,0.0,0.0,0.0,"99,092.1","4,387.5",0.0,0.0
,,폐지류,종이팩,231.1,231.1,0.0,0.0,0.0,218.0,0.0,0.0,0.0,0.0,0.0,0.0,0.0,13.1,0.0,0.0,0.0
,,,기타,"46,092.8","46,092.8",0.0,0.0,0.0,914.6,0.0,0.0,0.0,0.0,0.0,0.0,0.0,"45,178.2",0.0,0.0,0.0
,,고철류,,"1,459.9","1,459.9",0.0,0.0,0.0,27.3,0.0,0.0,0.0,0.0,0.0,0.0,0.0,"1,432.6",0.0,0.0,0.0
,,금속캔,,"2,627.0","2,627.0",0.0,0.0,0.0,326.5,0.0,0.0,0.0,0.0,0.0,0.0,0.0,"2,300.5",0.0,0.0,0.0
,,폐합성수지류,비닐류,"18,453.3","18,453.3",0.0,0.0,0.0,"9,742.9",0.0,0.0,0.0,0.0,0.0,0.0,0.0,"8,710.4",0.0,0.0,0.0
,,,발포수지류,"1,997.9","1,997.9",0.0,0.0,0.0,"1,068.8",0.0,0.0,0.0,0.0,0.0,0.0,0.0,929.1,0.0,0.0,0.0
,,,PET병,"11,081.4","11,081.4",0.0,0.0,0.0,"4,529.3",0.0,0.0,0.0,0.0,0.0,0.0,0.0,"6,552.1",0.0,0.0,0.0
,,,기타,"10,328.0","10,328.0",0.0,0.0,0.0,"1,176.7",0.0,0.0,0.0,0.0,0.0,0.0,0.0,"9,151.3",0.0,0.0,0.0
,,폐고무류,,0.0,0.0,0.0,0.0,0.0,0.0,0.0,0.0,0.0,0.0,0.0,0.0,0.0,0.0,0.0,0.0,0.0
,,폐유리병류,,"9,343.8","9,343.8",0.0,0.0,0.0,"3,896.4",0.0,0.0,0.0,0.0,0.0,0.0,0.0,"5,447.4",0.0,0.0,0.0
,,폐의류,,"6,522.1","6,522.1",0.0,0.0,0.0,0.0,0.0,0.0,0.0,0.0,0.0,0.0,0.0,"6,522.1",0.0,0.0,0.0
,,폐섬유류,,0.0,0.0,0.0,0.0,0.0,0.0,0.0,0.0,0.0,0.0,0.0,0.0,0.0,0.0,0.0,0.0,0.0
,,조명폐기물,,172.6,172.6,0.0,0.0,0.0,156.1,0.0,0.0,0.0,0.0,0.0,0.0,0.0,16.5,0.0,0.0,0.0
,,폐전지류,,136.7,136.7,0.0,0.0,0.0,118.5,0.0,0.0,0.0,0.0,0.0,0.0,0.0,18.2,0.0,0.0,0.0
,,영농폐기물,농약용기류,10.5,10.5,0.0,0.0,0.0,10.5,0.0,0.0,0.0,0.0,0.0,0.0,0.0,0.0,0.0,0.0,0.0
,,,폐비닐,336.6,336.6,0.0,0.0,0.0,336.6,0.0,0.0,0.0,0.0,0.0,0.0,0.0,0.0,0.0,0.0,0.0
,,폐식용유,,0.0,0.0,0.0,0.0,0.0,0.0,0.0,0.0,0.0,0.0,0.0,0.0,0.0,0.0,0.0,0.0,0.0
,,폐전기전자제품,,"1,618.1","1,618.1",0.0,0.0,0.0,"1,107.1",0.0,0.0,0.0,0.0,0.0,0.0,0.0,511.0,0.0,0.0,0.0
,,폐가구류,,0.0,0.0,0.0,0.0,0.0,0.0,0.0,0.0,0.0,0.0,0.0,0.0,0.0,0.0,0.0,0.0,0.0
,,기타,,"6,749.9","6,749.9",0.0,0.0,0.0,0.0,0.0,0.0,0.0,0.0,0.0,0.0,0.0,"6,749.9",0.0,0.0,0.0
,,재활용 잔재물,,"11,276.2","5,559.7","4,387.5","1,329.0",0.0,0.0,0.0,"1,329.0",0.0,0.0,0.0,0.0,0.0,"5,559.7","4,387.5",0.0,0.0
,음식물류 폐기물 분리배출,,,"158,448.3","158,448.3",0.0,0.0,0.0,"120,689.5",0.0,0.0,0.0,555.3,0.0,0.0,0.0,"37,203.5",0.0,0.0,0.0
대전,합계,,,"502,289.3","343,199.4","35,316.1","123,773.8",0.0,"171,554.9","35,316.1","123,773.8",0.0,604.0,0.0,0.0,0.0,"171,040.5",0.0,0.0,0.0
,종량제방식 등 혼합배출,소계,,"247,109.2","95,740.7","35,316.1","116,052.4",0.0,"89,073.5","35,316.1","116,052.4",0.0,0.0,0.0,0.0,0.0,"6,667.2",0.0,0.0,0.0
,,가연성,소계,"208,724.4","89,273.2","33,070.1","86,381.1",0.0,"82,782.0","33,070.1","86,381.1",0.0,0.0,0.0,0.0,0.0,"6,491.2",0.0,0.0,0.0
,,,폐지류,"42,248.8","18,527.6","6,611.7","17,109.5",0.0,"18,527.6","6,611.7","17,109.5",0.0,0.0,0.0,0.0,0.0,0.0,0.0,0.0,0.0
,,,폐합성수지류,"38,206.0","16,754.5","5,979.0","15,472.5",0.0,"16,754.5","5,979.0","15,472.5",0.0,0.0,0.0,0.0,0.0,0.0,0.0,0.0,0.0
,,,폐고무류,"1,279.3",561.0,200.0,518.3,0.0,561.0,200.0,518.3,0.0,0.0,0.0,0.0,0.0,0.0,0.0,0.0,0.0
,,,폐섬유류,"9,199.3","4,033.6","1,439.5","3,726.2",0.0,"4,033.6","1,439.5","3,726.2",0.0,0.0,0.0,0.0,0.0,0.0,0.0,0.0,0.0
,,,음식물류 폐기물,"13,180.7","5,779.7","2,062.6","5,338.4",0.0,"5,779.7","2,062.6","5,338.4",0.0,0.0,0.0,0.0,0.0,0.0,0.0,0.0,0.0
,,,폐목재류,"22,589.0","8,070.8","3,996.9","10,521.3",0.0,"1,579.6","3,996.9","10,521.3",0.0,0.0,0.0,0.0,0.0,"6,491.2",0.0,0.0,0.0
,,,기타,"82,021.3","35,546.0","12,780.4","33,694.9",0.0,"35,546.0","12,780.4","33,694.9",0.0,0.0,0.0,0.0,0.0,0.0,0.0,0.0,0.0
,,불연성,소계,"15,872.2","6,467.5","2,246.0","7,158.7",0.0,"6,291.5","2,246.0","7,158.7",0.0,0.0,0.0,0.0,0.0,176.0,0.0,0.0,0.0
,,,폐금속류,"3,323.5","1,555.8",492.7,"1,275.0",0.0,"1,379.8",492.7,"1,275.0",0.0,0.0,0.0,0.0,0.0,176.0,0.0,0.0,0.0
,,,폐유리류,"4,428.2","1,941.9",693.1,"1,793.2",0.0,"1,941.9",693.1,"1,793.2",0.0,0.0,0.0,0.0,0.0,0.0,0.0,0.0,0.0
,,,폐토사류,627.8,274.5,98.3,255.0,0.0,274.5,98.3,255.0,0.0,0.0,0.0,0.0,0.0,0.0,0.0,0.0,0.0
,,,폐타일 및 도자기류,385.5,168.8,60.3,156.4,0.0,168.8,60.3,156.4,0.0,0.0,0.0,0.0,0.0,0.0,0.0,0.0,0.0
,,,연탄재,"1,361.0",7.3,2.5,"1,351.2",0.0,7.3,2.5,"1,351.2",0.0,0.0,0.0,0.0,0.0,0.0,0.0,0.0,0.0
,,,기타,"5,746.2","2,519.2",899.1,"2,327.9",0.0,"2,519.2",899.1,"2,327.9",0.0,0.0,0.0,0.0,0.0,0.0,0.0,0.0,0.0
,,건설폐재류,건설폐재류(공사장생활폐기물),"22,512.6",0.0,0.0,"22,512.6",0.0,0.0,0.0,"22,512.6",0.0,0.0,0.0,0.0,0.0,0.0,0.0,0.0,0.0
,,기타(배출불명등),,0.0,0.0,0.0,0.0,0.0,0.0,0.0,0.0,0.0,0.0,0.0,0.0,0.0,0.0,0.0,0.0,0.0
,"재활용 
가능자원
 분리배출",소계,,"104,481.4","96,760.0",0.0,"7,721.4",0.0,"18,225.3",0.0,"7,721.4",0.0,0.0,0.0,0.0,0.0,"78,534.7",0.0,0.0,0.0
,,폐지류,종이팩,87.4,87.4,0.0,0.0,0.0,0.0,0.0,0.0,0.0,0.0,0.0,0.0,0.0,87.4,0.0,0.0,0.0
,,,기타,"26,365.3","26,365.3",0.0,0.0,0.0,0.0,0.0,0.0,0.0,0.0,0.0,0.0,0.0,"26,365.3",0.0,0.0,0.0
,,고철류,,"1,635.6","1,635.6",0.0,0.0,0.0,0.0,0.0,0.0,0.0,0.0,0.0,0.0,0.0,"1,635.6",0.0,0.0,0.0
,,금속캔,,"3,371.8","3,371.8",0.0,0.0,0.0,0.0,0.0,0.0,0.0,0.0,0.0,0.0,0.0,"3,371.8",0.0,0.0,0.0
,,폐합성수지류,비닐류,"17,004.9","17,004.9",0.0,0.0,0.0,0.0,0.0,0.0,0.0,0.0,0.0,0.0,0.0,"17,004.9",0.0,0.0,0.0
,,,발포수지류,"2,193.8","2,193.8",0.0,0.0,0.0,0.0,0.0,0.0,0.0,0.0,0.0,0.0,0.0,"2,193.8",0.0,0.0,0.0
,,,PET병,"4,815.4","4,815.4",0.0,0.0,0.0,0.0,0.0,0.0,0.0,0.0,0.0,0.0,0.0,"4,815.4",0.0,0.0,0.0
,,,기타,"12,956.3","12,956.3",0.0,0.0,0.0,0.0,0.0,0.0,0.0,0.0,0.0,0.0,0.0,"12,956.3",0.0,0.0,0.0
,,폐고무류,,0.0,0.0,0.0,0.0,0.0,0.0,0.0,0.0,0.0,0.0,0.0,0.0,0.0,0.0,0.0,0.0,0.0
,,폐유리병류,,"6,770.4","6,770.4",0.0,0.0,0.0,0.0,0.0,0.0,0.0,0.0,0.0,0.0,0.0,"6,770.4",0.0,0.0,0.0
,,폐의류,,"2,263.0","2,263.0",0.0,0.0,0.0,0.0,0.0,0.0,0.0,0.0,0.0,0.0,0.0,"2,263.0",0.0,0.0,0.0
,,폐섬유류,,0.0,0.0,0.0,0.0,0.0,0.0,0.0,0.0,0.0,0.0,0.0,0.0,0.0,0.0,0.0,0.0,0.0
,,조명폐기물,,220.6,220.6,0.0,0.0,0.0,0.0,0.0,0.0,0.0,0.0,0.0,0.0,0.0,220.6,0.0,0.0,0.0
,,폐전지류,,149.9,149.9,0.0,0.0,0.0,0.0,0.0,0.0,0.0,0.0,0.0,0.0,0.0,149.9,0.0,0.0,0.0
,,영농폐기물,농약용기류,6.9,6.9,0.0,0.0,0.0,6.9,0.0,0.0,0.0,0.0,0.0,0.0,0.0,0.0,0.0,0.0,0.0
,,,폐비닐,377.5,377.5,0.0,0.0,0.0,377.5,0.0,0.0,0.0,0.0,0.0,0.0,0.0,0.0,0.0,0.0,0.0
,,폐식용유,,0.0,0.0,0.0,0.0,0.0,0.0,0.0,0.0,0.0,0.0,0.0,0.0,0.0,0.0,0.0,0.0,0.0
,,폐전기전자제품,,359.0,359.0,0.0,0.0,0.0,0.0,0.0,0.0,0.0,0.0,0.0,0.0,0.0,359.0,0.0,0.0,0.0
,,폐가구류,,0.0,0.0,0.0,0.0,0.0,0.0,0.0,0.0,0.0,0.0,0.0,0.0,0.0,0.0,0.0,0.0,0.0
,,기타,,341.3,341.3,0.0,0.0,0.0,0.0,0.0,0.0,0.0,0.0,0.0,0.0,0.0,341.3,0.0,0.0,0.0
,,재활용 잔재물,,"25,562.3","17,840.9",0.0,"7,721.4",0.0,"17,840.9",0.0,"7,721.4",0.0,0.0,0.0,0.0,0.0,0.0,0.0,0.0,0.0
,음식물류 폐기물 분리배출,,,"150,698.7","150,698.7",0.0,0.0,0.0,"64,256.1",0.0,0.0,0.0,604.0,0.0,0.0,0.0,"85,838.6",0.0,0.0,0.0
울산,합계,,,"368,680.6","164,760.6","160,021.9","43,898.1",0.0,"96,625.2","156,722.6","43,898.1",0.0,610.4,0.0,0.0,0.0,"67,525.0","3,299.3",0.0,0.0
,종량제방식 등 혼합배출,소계,,"195,448.3",0.0,"151,550.2","43,898.1",0.0,0.0,"151,550.2","43,898.1",0.0,0.0,0.0,0.0,0.0,0.0,0.0,0.0,0.0
,,가연성,소계,"143,537.5",0.0,"143,537.5",0.0,0.0,0.0,"143,537.5",0.0,0.0,0.0,0.0,0.0,0.0,0.0,0.0,0.0,0.0
,,,폐지류,"32,845.3",0.0,"32,845.3",0.0,0.0,0.0,"32,845.3",0.0,0.0,0.0,0.0,0.0,0.0,0.0,0.0,0.0,0.0
,,,폐합성수지류,"28,830.2",0.0,"28,830.2",0.0,0.0,0.0,"28,830.2",0.0,0.0,0.0,0.0,0.0,0.0,0.0,0.0,0.0,0.0
,,,폐고무류,"1,068.6",0.0,"1,068.6",0.0,0.0,0.0,"1,068.6",0.0,0.0,0.0,0.0,0.0,0.0,0.0,0.0,0.0,0.0
,,,폐섬유류,"6,680.1",0.0,"6,680.1",0.0,0.0,0.0,"6,680.1",0.0,0.0,0.0,0.0,0.0,0.0,0.0,0.0,0.0,0.0
,,,음식물류 폐기물,"9,346.7",0.0,"9,346.7",0.0,0.0,0.0,"9,346.7",0.0,0.0,0.0,0.0,0.0,0.0,0.0,0.0,0.0,0.0
,,,폐목재류,"3,784.5",0.0,"3,784.5",0.0,0.0,0.0,"3,784.5",0.0,0.0,0.0,0.0,0.0,0.0,0.0,0.0,0.0,0.0
,,,기타,"60,982.1",0.0,"60,982.1",0.0,0.0,0.0,"60,982.1",0.0,0.0,0.0,0.0,0.0,0.0,0.0,0.0,0.0,0.0
,,불연성,소계,"26,685.7",0.0,"6,161.8","20,523.9",0.0,0.0,"6,161.8","20,523.9",0.0,0.0,0.0,0.0,0.0,0.0,0.0,0.0,0.0
,,,폐금속류,"3,454.6",0.0,"1,488.5","1,966.1",0.0,0.0,"1,488.5","1,966.1",0.0,0.0,0.0,0.0,0.0,0.0,0.0,0.0,0.0
,,,폐유리류,"5,077.2",0.0,"2,200.9","2,876.3",0.0,0.0,"2,200.9","2,876.3",0.0,0.0,0.0,0.0,0.0,0.0,0.0,0.0,0.0
,,,폐토사류,"1,436.2",0.0,250.6,"1,185.6",0.0,0.0,250.6,"1,185.6",0.0,0.0,0.0,0.0,0.0,0.0,0.0,0.0,0.0
,,,폐타일 및 도자기류,359.6,0.0,155.4,204.2,0.0,0.0,155.4,204.2,0.0,0.0,0.0,0.0,0.0,0.0,0.0,0.0,0.0
,,,연탄재,18.5,0.0,9.2,9.3,0.0,0.0,9.2,9.3,0.0,0.0,0.0,0.0,0.0,0.0,0.0,0.0,0.0
,,,기타,"16,339.6",0.0,"2,057.2","14,282.4",0.0,0.0,"2,057.2","14,282.4",0.0,0.0,0.0,0.0,0.0,0.0,0.0,0.0,0.0
,,건설폐재류,건설폐재류(공사장생활폐기물),"19,650.2",0.0,"1,799.4","17,850.8",0.0,0.0,"1,799.4","17,850.8",0.0,0.0,0.0,0.0,0.0,0.0,0.0,0.0,0.0
,,기타(배출불명등),,"5,574.9",0.0,51.5,"5,523.4",0.0,0.0,51.5,"5,523.4",0.0,0.0,0.0,0.0,0.0,0.0,0.0,0.0,0.0
,"재활용 
가능자원
 분리배출",소계,,"72,676.8","64,811.8","7,865.0",0.0,0.0,"3,751.8","4,565.7",0.0,0.0,0.0,0.0,0.0,0.0,"61,060.0","3,299.3",0.0,0.0
,,폐지류,종이팩,164.9,164.9,0.0,0.0,0.0,54.2,0.0,0.0,0.0,0.0,0.0,0.0,0.0,110.7,0.0,0.0,0.0
,,,기타,"29,157.6","29,157.6",0.0,0.0,0.0,233.5,0.0,0.0,0.0,0.0,0.0,0.0,0.0,"28,924.1",0.0,0.0,0.0
,,고철류,,"1,304.8","1,304.8",0.0,0.0,0.0,36.4,0.0,0.0,0.0,0.0,0.0,0.0,0.0,"1,268.4",0.0,0.0,0.0
,,금속캔,,"1,475.6","1,475.6",0.0,0.0,0.0,160.4,0.0,0.0,0.0,0.0,0.0,0.0,0.0,"1,315.2",0.0,0.0,0.0
,,폐합성수지류,비닐류,"6,455.5","6,455.5",0.0,0.0,0.0,355.4,0.0,0.0,0.0,0.0,0.0,0.0,0.0,"6,100.1",0.0,0.0,0.0
,,,발포수지류,764.1,764.1,0.0,0.0,0.0,46.8,0.0,0.0,0.0,0.0,0.0,0.0,0.0,717.3,0.0,0.0,0.0
,,,PET병,"3,253.7","3,253.7",0.0,0.0,0.0,390.5,0.0,0.0,0.0,0.0,0.0,0.0,0.0,"2,863.2",0.0,0.0,0.0
,,,기타,"6,166.1","6,166.1",0.0,0.0,0.0,625.9,0.0,0.0,0.0,0.0,0.0,0.0,0.0,"5,540.2",0.0,0.0,0.0
,,폐고무류,,0.0,0.0,0.0,0.0,0.0,0.0,0.0,0.0,0.0,0.0,0.0,0.0,0.0,0.0,0.0,0.0,0.0
,,폐유리병류,,"5,490.1","5,490.1",0.0,0.0,0.0,495.9,0.0,0.0,0.0,0.0,0.0,0.0,0.0,"4,994.2",0.0,0.0,0.0
,,폐의류,,"2,395.5","2,395.5",0.0,0.0,0.0,9.5,0.0,0.0,0.0,0.0,0.0,0.0,0.0,"2,386.0",0.0,0.0,0.0
,,폐섬유류,,0.0,0.0,0.0,0.0,0.0,0.0,0.0,0.0,0.0,0.0,0.0,0.0,0.0,0.0,0.0,0.0,0.0
,,조명폐기물,,109.5,109.5,0.0,0.0,0.0,15.2,0.0,0.0,0.0,0.0,0.0,0.0,0.0,94.3,0.0,0.0,0.0
,,폐전지류,,93.0,93.0,0.0,0.0,0.0,9.5,0.0,0.0,0.0,0.0,0.0,0.0,0.0,83.5,0.0,0.0,0.0
,,영농폐기물,농약용기류,7.9,7.9,0.0,0.0,0.0,7.9,0.0,0.0,0.0,0.0,0.0,0.0,0.0,0.0,0.0,0.0,0.0
,,,폐비닐,709.3,709.3,0.0,0.0,0.0,709.3,0.0,0.0,0.0,0.0,0.0,0.0,0.0,0.0,0.0,0.0,0.0
,,폐식용유,,0.0,0.0,0.0,0.0,0.0,0.0,0.0,0.0,0.0,0.0,0.0,0.0,0.0,0.0,0.0,0.0,0.0
,,폐전기전자제품,,"4,722.0","4,722.0",0.0,0.0,0.0,601.4,0.0,0.0,0.0,0.0,0.0,0.0,0.0,"4,120.6",0.0,0.0,0.0
,,폐가구류,,0.0,0.0,0.0,0.0,0.0,0.0,0.0,0.0,0.0,0.0,0.0,0.0,0.0,0.0,0.0,0.0,0.0
,,기타,,"1,340.2","1,340.2",0.0,0.0,0.0,0.0,0.0,0.0,0.0,0.0,0.0,0.0,0.0,"1,340.2",0.0,0.0,0.0
,,재활용 잔재물,,"9,067.0","1,202.0","7,865.0",0.0,0.0,0.0,"4,565.7",0.0,0.0,0.0,0.0,0.0,0.0,"1,202.0","3,299.3",0.0,0.0
,음식물류 폐기물 분리배출,,,"100,555.5","99,948.8",606.7,0.0,0.0,"92,873.4",606.7,0.0,0.0,610.4,0.0,0.0,0.0,"6,465.0",0.0,0.0,0.0
세종,합계,,,"105,920.0","51,984.7","49,056.4","2,474.0","2,404.9","7,601.8","13,617.2","2,474.0","2,404.9",79.9,0.0,0.0,0.0,"44,303.0","35,439.2",0.0,0.0
,종량제방식 등 혼합배출,소계,,"60,679.4","7,690.1","48,110.4","2,474.0","2,404.9","2,501.0","12,671.2","2,474.0","2,404.9",0.0,0.0,0.0,0.0,"5,189.1","35,439.2",0.0,0.0
,,가연성,소계,"56,346.8","7,141.0","44,675.2","2,297.4","2,233.2","2,322.4","11,766.4","2,297.4","2,233.2",0.0,0.0,0.0,0.0,"4,818.6","32,908.8",0.0,0.0
,,,폐지류,"17,675.9","2,240.1","14,014.5",720.7,700.6,728.5,"3,691.1",720.7,700.6,0.0,0.0,0.0,0.0,"1,511.6","10,323.4",0.0,0.0
,,,폐합성수지류,"13,719.6","1,738.7","10,877.7",559.4,543.8,565.5,"2,864.9",559.4,543.8,0.0,0.0,0.0,0.0,"1,173.2","8,012.8",0.0,0.0
,,,폐고무류,631.1,80.0,500.4,25.7,25.0,26.0,131.8,25.7,25.0,0.0,0.0,0.0,0.0,54.0,368.6,0.0,0.0
,,,폐섬유류,"2,524.2",319.9,"2,001.4",102.9,100.0,104.0,527.1,102.9,100.0,0.0,0.0,0.0,0.0,215.9,"1,474.3",0.0,0.0
,,,음식물류 폐기물,"3,361.7",426.1,"2,665.3",137.1,133.2,138.6,702.0,137.1,133.2,0.0,0.0,0.0,0.0,287.5,"1,963.3",0.0,0.0
,,,폐목재류,"1,310.6",166.1,"1,039.2",53.4,51.9,54.0,273.7,53.4,51.9,0.0,0.0,0.0,0.0,112.1,765.5,0.0,0.0
,,,기타,"17,123.7","2,170.1","13,576.7",698.2,678.7,705.8,"3,575.8",698.2,678.7,0.0,0.0,0.0,0.0,"1,464.3","10,000.9",0.0,0.0
,,불연성,소계,"4,332.6",549.1,"3,435.2",176.6,171.7,178.6,904.8,176.6,171.7,0.0,0.0,0.0,0.0,370.5,"2,530.4",0.0,0.0
,,,폐금속류,"1,219.6",154.6,967.0,49.7,48.3,50.3,254.7,49.7,48.3,0.0,0.0,0.0,0.0,104.3,712.3,0.0,0.0
,,,폐유리류,"1,978.2",250.7,"1,568.4",80.7,78.4,81.5,413.1,80.7,78.4,0.0,0.0,0.0,0.0,169.2,"1,155.3",0.0,0.0
,,,폐토사류,121.3,15.4,96.2,4.9,4.8,5.0,25.3,4.9,4.8,0.0,0.0,0.0,0.0,10.4,70.9,0.0,0.0
,,,폐타일 및 도자기류,78.9,10.0,62.6,3.2,3.1,3.3,16.5,3.2,3.1,0.0,0.0,0.0,0.0,6.7,46.1,0.0,0.0
,,,연탄재,412.7,52.3,327.2,16.8,16.4,17.0,86.2,16.8,16.4,0.0,0.0,0.0,0.0,35.3,241.0,0.0,0.0
,,,기타,521.9,66.1,413.8,21.3,20.7,21.5,109.0,21.3,20.7,0.0,0.0,0.0,0.0,44.6,304.8,0.0,0.0
,,건설폐재류,건설폐재류(공사장생활폐기물),0.0,0.0,0.0,0.0,0.0,0.0,0.0,0.0,0.0,0.0,0.0,0.0,0.0,0.0,0.0,0.0,0.0
,,기타(배출불명등),,0.0,0.0,0.0,0.0,0.0,0.0,0.0,0.0,0.0,0.0,0.0,0.0,0.0,0.0,0.0,0.0,0.0
,"재활용 
가능자원
 분리배출",소계,,"29,153.0","28,207.0",946.0,0.0,0.0,"3,174.3",946.0,0.0,0.0,0.0,0.0,0.0,0.0,"25,032.7",0.0,0.0,0.0
,,폐지류,종이팩,130.1,130.1,0.0,0.0,0.0,4.1,0.0,0.0,0.0,0.0,0.0,0.0,0.0,126.0,0.0,0.0,0.0
,,,기타,"13,221.5","13,221.5",0.0,0.0,0.0,214.5,0.0,0.0,0.0,0.0,0.0,0.0,0.0,"13,007.0",0.0,0.0,0.0
,,고철류,,472.0,472.0,0.0,0.0,0.0,78.4,0.0,0.0,0.0,0.0,0.0,0.0,0.0,393.6,0.0,0.0,0.0
,,금속캔,,806.3,806.3,0.0,0.0,0.0,74.7,0.0,0.0,0.0,0.0,0.0,0.0,0.0,731.6,0.0,0.0,0.0
,,폐합성수지류,비닐류,"3,471.5","3,471.5",0.0,0.0,0.0,"1,105.7",0.0,0.0,0.0,0.0,0.0,0.0,0.0,"2,365.8",0.0,0.0,0.0
,,,발포수지류,463.5,463.5,0.0,0.0,0.0,60.8,0.0,0.0,0.0,0.0,0.0,0.0,0.0,402.7,0.0,0.0,0.0
,,,PET병,"1,133.0","1,133.0",0.0,0.0,0.0,410.5,0.0,0.0,0.0,0.0,0.0,0.0,0.0,722.5,0.0,0.0,0.0
,,,기타,"4,428.6","4,428.6",0.0,0.0,0.0,213.6,0.0,0.0,0.0,0.0,0.0,0.0,0.0,"4,215.0",0.0,0.0,0.0
,,폐고무류,,0.0,0.0,0.0,0.0,0.0,0.0,0.0,0.0,0.0,0.0,0.0,0.0,0.0,0.0,0.0,0.0,0.0
,,폐유리병류,,"1,347.2","1,347.2",0.0,0.0,0.0,436.0,0.0,0.0,0.0,0.0,0.0,0.0,0.0,911.2,0.0,0.0,0.0
,,폐의류,,"1,266.8","1,266.8",0.0,0.0,0.0,0.0,0.0,0.0,0.0,0.0,0.0,0.0,0.0,"1,266.8",0.0,0.0,0.0
,,폐섬유류,,0.0,0.0,0.0,0.0,0.0,0.0,0.0,0.0,0.0,0.0,0.0,0.0,0.0,0.0,0.0,0.0,0.0
,,조명폐기물,,80.0,80.0,0.0,0.0,0.0,0.0,0.0,0.0,0.0,0.0,0.0,0.0,0.0,80.0,0.0,0.0,0.0
,,폐전지류,,45.0,45.0,0.0,0.0,0.0,0.0,0.0,0.0,0.0,0.0,0.0,0.0,0.0,45.0,0.0,0.0,0.0
,,영농폐기물,농약용기류,20.0,20.0,0.0,0.0,0.0,20.0,0.0,0.0,0.0,0.0,0.0,0.0,0.0,0.0,0.0,0.0,0.0
,,,폐비닐,556.0,556.0,0.0,0.0,0.0,556.0,0.0,0.0,0.0,0.0,0.0,0.0,0.0,0.0,0.0,0.0,0.0
,,폐식용유,,0.0,0.0,0.0,0.0,0.0,0.0,0.0,0.0,0.0,0.0,0.0,0.0,0.0,0.0,0.0,0.0,0.0
,,폐전기전자제품,,658.9,658.9,0.0,0.0,0.0,0.0,0.0,0.0,0.0,0.0,0.0,0.0,0.0,658.9,0.0,0.0,0.0
,,폐가구류,,0.0,0.0,0.0,0.0,0.0,0.0,0.0,0.0,0.0,0.0,0.0,0.0,0.0,0.0,0.0,0.0,0.0
,,기타,,106.6,106.6,0.0,0.0,0.0,0.0,0.0,0.0,0.0,0.0,0.0,0.0,0.0,106.6,0.0,0.0,0.0
,,재활용 잔재물,,946.0,0.0,946.0,0.0,0.0,0.0,946.0,0.0,0.0,0.0,0.0,0.0,0.0,0.0,0.0,0.0,0.0
,음식물류 폐기물 분리배출,,,"16,087.6","16,087.6",0.0,0.0,0.0,"1,926.5",0.0,0.0,0.0,79.9,0.0,0.0,0.0,"14,081.2",0.0,0.0,0.0
경기,합계,,,"4,040,482.5","2,293,304.8","1,378,254.8","355,531.5","13,391.4","1,109,344.4","1,207,099.6","354,586.5","11,885.0","8,680.9",0.0,0.0,32.0,"1,175,279.5","171,155.2",945.0,"1,474.4"
,종량제방식 등 혼합배출,소계,,"1,942,369.9","253,256.6","1,326,631.5","349,122.4","13,359.4","106,873.1","1,179,625.8","349,122.4","11,885.0",0.0,0.0,0.0,0.0,"146,383.5","147,005.7",0.0,"1,474.4"
,,가연성,소계,"1,702,865.9","209,629.5","1,208,349.3","284,887.1",0.0,"99,510.1","1,076,934.2","284,887.1",0.0,0.0,0.0,0.0,0.0,"110,119.4","131,415.1",0.0,0.0
,,,폐지류,"412,249.7","26,099.5","314,380.0","71,770.2",0.0,"20,457.0","287,159.7","71,770.2",0.0,0.0,0.0,0.0,0.0,"5,642.5","27,220.3",0.0,0.0
,,,폐합성수지류,"452,322.5","61,670.4","300,812.8","89,839.3",0.0,"21,948.9","269,656.3","89,839.3",0.0,0.0,0.0,0.0,0.0,"39,721.5","31,156.5",0.0,0.0
,,,폐고무류,"43,774.3","1,292.8","38,351.3","4,130.2",0.0,714.0,"37,630.3","4,130.2",0.0,0.0,0.0,0.0,0.0,578.8,721.0,0.0,0.0
,,,폐섬유류,"121,167.4","5,154.3","96,244.4","19,768.7",0.0,"2,855.0","91,762.9","19,768.7",0.0,0.0,0.0,0.0,0.0,"2,299.3","4,481.5",0.0,0.0
,,,음식물류 폐기물,"138,502.2","5,937.5","115,452.1","17,112.6",0.0,"3,706.0","106,398.7","17,112.6",0.0,0.0,0.0,0.0,0.0,"2,231.5","9,053.4",0.0,0.0
,,,폐목재류,"137,770.0","65,097.3","65,311.0","7,361.7",0.0,"13,518.5","55,963.1","7,361.7",0.0,0.0,0.0,0.0,0.0,"51,578.8","9,347.9",0.0,0.0
,,,기타,"397,079.8","44,377.7","277,797.7","74,904.4",0.0,"36,310.7","228,363.2","74,904.4",0.0,0.0,0.0,0.0,0.0,"8,067.0","49,434.5",0.0,0.0
,,불연성,소계,"193,958.4","25,691.2","103,662.1","55,386.8","9,218.3","6,293.0","93,217.3","55,386.8","9,144.0",0.0,0.0,0.0,0.0,"19,398.2","10,444.8",0.0,74.3
,,,폐금속류,"41,008.3","4,711.3","30,036.4","5,837.6",423.0,"2,772.0","28,142.4","5,837.6",423.0,0.0,0.0,0.0,0.0,"1,939.3","1,894.0",0.0,0.0
,,,폐유리류,"48,440.8",567.6,"35,413.7","12,277.5",182.0,0.0,"33,141.2","12,277.5",182.0,0.0,0.0,0.0,0.0,567.6,"2,272.5",0.0,0.0
,,,폐토사류,"20,386.4","6,951.4","6,666.3","4,288.7","2,480.0",0.0,"5,250.7","4,288.7","2,480.0",0.0,0.0,0.0,0.0,"6,951.4","1,415.6",0.0,0.0
,,,폐타일 및 도자기류,"5,615.5","3,018.5","1,837.3",243.4,516.3,0.0,"1,621.9",243.4,442.0,0.0,0.0,0.0,0.0,"3,018.5",215.4,0.0,74.3
,,,연탄재,"7,956.9","1,499.2","1,873.8","4,583.9",0.0,0.0,"1,669.5","4,583.9",0.0,0.0,0.0,0.0,0.0,"1,499.2",204.3,0.0,0.0
,,,기타,"70,550.5","8,943.2","27,834.6","28,155.7","5,617.0","3,521.0","23,391.6","28,155.7","5,617.0",0.0,0.0,0.0,0.0,"5,422.2","4,443.0",0.0,0.0
,,건설폐재류,건설폐재류(공사장생활폐기물),"24,143.5","17,935.9",0.0,"4,807.5","1,400.1","1,070.0",0.0,"4,807.5",0.0,0.0,0.0,0.0,0.0,"16,865.9",0.0,0.0,"1,400.1"
,,기타(배출불명등),,"21,402.1",0.0,"14,620.1","4,041.0","2,741.0",0.0,"9,474.3","4,041.0","2,741.0",0.0,0.0,0.0,0.0,0.0,"5,145.8",0.0,0.0
,"재활용 
가능자원
 분리배출",소계,,"1,054,383.3","996,350.9","51,623.3","6,409.1",0.0,"408,087.0","27,473.8","5,464.1",0.0,0.0,0.0,0.0,0.0,"588,263.9","24,149.5",945.0,0.0
,,폐지류,종이팩,"1,688.3","1,688.3",0.0,0.0,0.0,925.7,0.0,0.0,0.0,0.0,0.0,0.0,0.0,762.6,0.0,0.0,0.0
,,,기타,"330,240.1","330,240.1",0.0,0.0,0.0,"23,963.1",0.0,0.0,0.0,0.0,0.0,0.0,0.0,"306,277.0",0.0,0.0,0.0
,,고철류,,"24,465.0","24,465.0",0.0,0.0,0.0,"6,560.2",0.0,0.0,0.0,0.0,0.0,0.0,0.0,"17,904.8",0.0,0.0,0.0
,,금속캔,,"25,569.0","25,569.0",0.0,0.0,0.0,"6,584.5",0.0,0.0,0.0,0.0,0.0,0.0,0.0,"18,984.5",0.0,0.0,0.0
,,폐합성수지류,비닐류,"119,284.4","119,284.4",0.0,0.0,0.0,"86,850.5",0.0,0.0,0.0,0.0,0.0,0.0,0.0,"32,433.9",0.0,0.0,0.0
,,,발포수지류,"17,657.5","17,657.5",0.0,0.0,0.0,"10,907.9",0.0,0.0,0.0,0.0,0.0,0.0,0.0,"6,749.6",0.0,0.0,0.0
,,,PET병,"46,770.3","46,770.3",0.0,0.0,0.0,"32,424.8",0.0,0.0,0.0,0.0,0.0,0.0,0.0,"14,345.5",0.0,0.0,0.0
,,,기타,"153,051.8","153,051.8",0.0,0.0,0.0,"92,343.5",0.0,0.0,0.0,0.0,0.0,0.0,0.0,"60,708.3",0.0,0.0,0.0
,,폐고무류,,75.0,75.0,0.0,0.0,0.0,75.0,0.0,0.0,0.0,0.0,0.0,0.0,0.0,0.0,0.0,0.0,0.0
,,폐유리병류,,"75,023.8","75,023.8",0.0,0.0,0.0,"28,777.6",0.0,0.0,0.0,0.0,0.0,0.0,0.0,"46,246.2",0.0,0.0,0.0
,,폐의류,,"35,089.1","35,089.1",0.0,0.0,0.0,165.1,0.0,0.0,0.0,0.0,0.0,0.0,0.0,"34,924.0",0.0,0.0,0.0
,,폐섬유류,,0.0,0.0,0.0,0.0,0.0,0.0,0.0,0.0,0.0,0.0,0.0,0.0,0.0,0.0,0.0,0.0,0.0
,,조명폐기물,,"1,426.6","1,426.6",0.0,0.0,0.0,977.2,0.0,0.0,0.0,0.0,0.0,0.0,0.0,449.4,0.0,0.0,0.0
,,폐전지류,,"1,677.8","1,677.8",0.0,0.0,0.0,"1,117.0",0.0,0.0,0.0,0.0,0.0,0.0,0.0,560.8,0.0,0.0,0.0
,,영농폐기물,농약용기류,151.1,151.1,0.0,0.0,0.0,151.1,0.0,0.0,0.0,0.0,0.0,0.0,0.0,0.0,0.0,0.0,0.0
,,,폐비닐,"16,576.7","16,576.7",0.0,0.0,0.0,"16,576.7",0.0,0.0,0.0,0.0,0.0,0.0,0.0,0.0,0.0,0.0,0.0
,,폐식용유,,0.0,0.0,0.0,0.0,0.0,0.0,0.0,0.0,0.0,0.0,0.0,0.0,0.0,0.0,0.0,0.0,0.0
,,폐전기전자제품,,"18,994.2","18,994.2",0.0,0.0,0.0,"10,861.1",0.0,0.0,0.0,0.0,0.0,0.0,0.0,"8,133.1",0.0,0.0,0.0
,,폐가구류,,"53,898.9","53,898.9",0.0,0.0,0.0,"49,558.9",0.0,0.0,0.0,0.0,0.0,0.0,0.0,"4,340.0",0.0,0.0,0.0
,,기타,,"27,622.3","27,622.3",0.0,0.0,0.0,"18,990.7",0.0,0.0,0.0,0.0,0.0,0.0,0.0,"8,631.6",0.0,0.0,0.0
,,재활용 잔재물,,"105,121.4","47,089.0","51,623.3","6,409.1",0.0,"20,276.4","27,473.8","5,464.1",0.0,0.0,0.0,0.0,0.0,"26,812.6","24,149.5",945.0,0.0
,음식물류 폐기물 분리배출,,,"1,043,729.3","1,043,697.3",0.0,0.0,32.0,"594,384.3",0.0,0.0,0.0,"8,680.9",0.0,0.0,32.0,"440,632.1",0.0,0.0,0.0
강원,합계,,,"638,462.5","275,781.9","170,365.6","192,315.0",0.0,"138,537.0","170,365.6","192,315.0",0.0,"2,679.6",0.0,0.0,0.0,"134,565.3",0.0,0.0,0.0
,종량제방식 등 혼합배출,소계,,"379,086.9","52,296.6","149,496.6","177,293.7",0.0,"24,851.5","149,496.6","177,293.7",0.0,0.0,0.0,0.0,0.0,"27,445.1",0.0,0.0,0.0
,,가연성,소계,"331,993.8","49,254.1","137,187.8","145,551.9",0.0,"24,354.1","137,187.8","145,551.9",0.0,0.0,0.0,0.0,0.0,"24,900.0",0.0,0.0,0.0
,,,폐지류,"102,523.8","11,353.6","43,646.4","47,523.8",0.0,"7,232.7","43,646.4","47,523.8",0.0,0.0,0.0,0.0,0.0,"4,120.9",0.0,0.0,0.0
,,,폐합성수지류,"97,350.3","22,587.0","36,420.1","38,343.2",0.0,"5,913.5","36,420.1","38,343.2",0.0,0.0,0.0,0.0,0.0,"16,673.5",0.0,0.0,0.0
,,,폐고무류,"4,674.2",861.2,"1,489.5","2,323.5",0.0,256.5,"1,489.5","2,323.5",0.0,0.0,0.0,0.0,0.0,604.7,0.0,0.0,0.0
,,,폐섬유류,"17,111.9","2,008.1","8,682.3","6,421.5",0.0,"1,032.1","8,682.3","6,421.5",0.0,0.0,0.0,0.0,0.0,976.0,0.0,0.0,0.0
,,,음식물류 폐기물,"18,107.1","1,364.3","8,239.5","8,503.3",0.0,"1,364.3","8,239.5","8,503.3",0.0,0.0,0.0,0.0,0.0,0.0,0.0,0.0,0.0
,,,폐목재류,"10,398.6","2,888.2","3,838.0","3,672.4",0.0,613.9,"3,838.0","3,672.4",0.0,0.0,0.0,0.0,0.0,"2,274.3",0.0,0.0,0.0
,,,기타,"81,827.9","8,191.7","34,872.0","38,764.2",0.0,"7,941.1","34,872.0","38,764.2",0.0,0.0,0.0,0.0,0.0,250.6,0.0,0.0,0.0
,,불연성,소계,"44,509.6","3,036.6","12,308.8","29,164.2",0.0,491.5,"12,308.8","29,164.2",0.0,0.0,0.0,0.0,0.0,"2,545.1",0.0,0.0,0.0
,,,폐금속류,"7,198.6",434.5,"3,640.2","3,123.9",0.0,177.9,"3,640.2","3,123.9",0.0,0.0,0.0,0.0,0.0,256.6,0.0,0.0,0.0
,,,폐유리류,"10,055.2",254.4,"4,860.6","4,940.2",0.0,254.4,"4,860.6","4,940.2",0.0,0.0,0.0,0.0,0.0,0.0,0.0,0.0,0.0
,,,폐토사류,"2,017.6",75.8,801.9,"1,139.9",0.0,0.0,801.9,"1,139.9",0.0,0.0,0.0,0.0,0.0,75.8,0.0,0.0,0.0
,,,폐타일 및 도자기류,964.7,32.7,312.3,619.7,0.0,32.7,312.3,619.7,0.0,0.0,0.0,0.0,0.0,0.0,0.0,0.0,0.0
,,,연탄재,"11,436.8","2,170.4",766.6,"8,499.8",0.0,0.0,766.6,"8,499.8",0.0,0.0,0.0,0.0,0.0,"2,170.4",0.0,0.0,0.0
,,,기타,"12,836.7",68.8,"1,927.2","10,840.7",0.0,26.5,"1,927.2","10,840.7",0.0,0.0,0.0,0.0,0.0,42.3,0.0,0.0,0.0
,,건설폐재류,건설폐재류(공사장생활폐기물),"2,577.6",0.0,0.0,"2,577.6",0.0,0.0,0.0,"2,577.6",0.0,0.0,0.0,0.0,0.0,0.0,0.0,0.0,0.0
,,기타(배출불명등),,5.9,5.9,0.0,0.0,0.0,5.9,0.0,0.0,0.0,0.0,0.0,0.0,0.0,0.0,0.0,0.0,0.0
,"재활용 
가능자원
 분리배출",소계,,"107,752.8","86,640.4","10,661.8","10,450.6",0.0,"63,935.3","10,661.8","10,450.6",0.0,0.0,0.0,0.0,0.0,"22,705.1",0.0,0.0,0.0
,,폐지류,종이팩,195.7,195.7,0.0,0.0,0.0,191.7,0.0,0.0,0.0,0.0,0.0,0.0,0.0,4.0,0.0,0.0,0.0
,,,기타,"23,891.6","23,891.6",0.0,0.0,0.0,"11,193.9",0.0,0.0,0.0,0.0,0.0,0.0,0.0,"12,697.7",0.0,0.0,0.0
,,고철류,,"2,082.7","2,082.7",0.0,0.0,0.0,"1,608.2",0.0,0.0,0.0,0.0,0.0,0.0,0.0,474.5,0.0,0.0,0.0
,,금속캔,,"2,233.3","2,233.3",0.0,0.0,0.0,"1,584.9",0.0,0.0,0.0,0.0,0.0,0.0,0.0,648.4,0.0,0.0,0.0
,,폐합성수지류,비닐류,"4,888.7","4,888.7",0.0,0.0,0.0,"4,861.9",0.0,0.0,0.0,0.0,0.0,0.0,0.0,26.8,0.0,0.0,0.0
,,,발포수지류,876.4,876.4,0.0,0.0,0.0,874.8,0.0,0.0,0.0,0.0,0.0,0.0,0.0,1.6,0.0,0.0,0.0
,,,PET병,"6,181.0","6,181.0",0.0,0.0,0.0,"6,150.3",0.0,0.0,0.0,0.0,0.0,0.0,0.0,30.7,0.0,0.0,0.0
,,,기타,"5,275.4","5,275.4",0.0,0.0,0.0,"4,893.6",0.0,0.0,0.0,0.0,0.0,0.0,0.0,381.8,0.0,0.0,0.0
,,폐고무류,,0.0,0.0,0.0,0.0,0.0,0.0,0.0,0.0,0.0,0.0,0.0,0.0,0.0,0.0,0.0,0.0,0.0
,,폐유리병류,,"7,104.2","7,104.2",0.0,0.0,0.0,"5,889.7",0.0,0.0,0.0,0.0,0.0,0.0,0.0,"1,214.5",0.0,0.0,0.0
,,폐의류,,"3,123.0","3,123.0",0.0,0.0,0.0,23.2,0.0,0.0,0.0,0.0,0.0,0.0,0.0,"3,099.8",0.0,0.0,0.0
,,폐섬유류,,0.0,0.0,0.0,0.0,0.0,0.0,0.0,0.0,0.0,0.0,0.0,0.0,0.0,0.0,0.0,0.0,0.0
,,조명폐기물,,69.7,69.7,0.0,0.0,0.0,15.8,0.0,0.0,0.0,0.0,0.0,0.0,0.0,53.9,0.0,0.0,0.0
,,폐전지류,,74.1,74.1,0.0,0.0,0.0,37.4,0.0,0.0,0.0,0.0,0.0,0.0,0.0,36.7,0.0,0.0,0.0
,,영농폐기물,농약용기류,259.3,259.3,0.0,0.0,0.0,259.3,0.0,0.0,0.0,0.0,0.0,0.0,0.0,0.0,0.0,0.0,0.0
,,,폐비닐,"22,393.7","22,393.7",0.0,0.0,0.0,"22,393.7",0.0,0.0,0.0,0.0,0.0,0.0,0.0,0.0,0.0,0.0,0.0
,,폐식용유,,0.0,0.0,0.0,0.0,0.0,0.0,0.0,0.0,0.0,0.0,0.0,0.0,0.0,0.0,0.0,0.0,0.0
,,폐전기전자제품,,"2,324.1","2,324.1",0.0,0.0,0.0,"1,009.5",0.0,0.0,0.0,0.0,0.0,0.0,0.0,"1,314.6",0.0,0.0,0.0
,,폐가구류,,"3,512.4","3,512.4",0.0,0.0,0.0,"1,474.4",0.0,0.0,0.0,0.0,0.0,0.0,0.0,"2,038.0",0.0,0.0,0.0
,,기타,,"1,491.8","1,491.8",0.0,0.0,0.0,"1,473.0",0.0,0.0,0.0,0.0,0.0,0.0,0.0,18.8,0.0,0.0,0.0
,,재활용 잔재물,,"21,775.7",663.3,"10,661.8","10,450.6",0.0,0.0,"10,661.8","10,450.6",0.0,0.0,0.0,0.0,0.0,663.3,0.0,0.0,0.0
,음식물류 폐기물 분리배출,,,"151,622.8","136,844.9","10,207.2","4,570.7",0.0,"49,750.2","10,207.2","4,570.7",0.0,"2,679.6",0.0,0.0,0.0,"84,415.1",0.0,0.0,0.0
충북,합계,,,"622,929.5","260,638.5","275,057.3","86,174.7","1,059.0","160,247.4","223,940.3","86,174.7",405.6,"1,320.3",0.0,0.0,2.9,"99,070.8","51,117.0",0.0,650.5
,종량제방식 등 혼합배출,소계,,"355,360.0","6,771.9","268,041.1","80,320.3",226.7,"3,495.5","216,924.1","80,320.3",226.7,0.0,0.0,0.0,0.0,"3,276.4","51,117.0",0.0,0.0
,,가연성,소계,"284,947.5","3,276.4","252,070.8","29,373.6",226.7,0.0,"203,778.5","29,373.6",226.7,0.0,0.0,0.0,0.0,"3,276.4","48,292.3",0.0,0.0
,,,폐지류,"82,292.0",0.0,"73,337.0","8,955.0",0.0,0.0,"59,939.7","8,955.0",0.0,0.0,0.0,0.0,0.0,0.0,"13,397.3",0.0,0.0
,,,폐합성수지류,"77,625.2",847.5,"67,783.2","8,994.5",0.0,0.0,"55,731.8","8,994.5",0.0,0.0,0.0,0.0,0.0,847.5,"12,051.4",0.0,0.0
,,,폐고무류,"4,432.6",0.0,"3,650.6",782.0,0.0,0.0,"2,907.6",782.0,0.0,0.0,0.0,0.0,0.0,0.0,743.0,0.0,0.0
,,,폐섬유류,"13,172.9",0.0,"9,932.3","3,240.6",0.0,0.0,"8,109.6","3,240.6",0.0,0.0,0.0,0.0,0.0,0.0,"1,822.7",0.0,0.0
,,,음식물류 폐기물,"30,763.6",0.0,"28,495.2","2,268.4",0.0,0.0,"24,784.0","2,268.4",0.0,0.0,0.0,0.0,0.0,0.0,"3,711.2",0.0,0.0
,,,폐목재류,"10,351.6","2,428.9","5,985.2","1,710.8",226.7,0.0,"4,709.1","1,710.8",226.7,0.0,0.0,0.0,0.0,"2,428.9","1,276.1",0.0,0.0
,,,기타,"66,309.6",0.0,"62,887.3","3,422.3",0.0,0.0,"47,596.7","3,422.3",0.0,0.0,0.0,0.0,0.0,0.0,"15,290.6",0.0,0.0
,,불연성,소계,"66,671.2","3,495.5","15,667.3","47,508.4",0.0,"3,495.5","12,842.6","47,508.4",0.0,0.0,0.0,0.0,0.0,0.0,"2,824.7",0.0,0.0
,,,폐금속류,"6,477.5",0.0,"3,979.2","2,498.3",0.0,0.0,"3,288.7","2,498.3",0.0,0.0,0.0,0.0,0.0,0.0,690.5,0.0,0.0
,,,폐유리류,"10,256.2",0.0,"6,677.8","3,578.4",0.0,0.0,"5,554.1","3,578.4",0.0,0.0,0.0,0.0,0.0,0.0,"1,123.7",0.0,0.0
,,,폐토사류,"2,990.1",0.0,467.1,"2,523.0",0.0,0.0,399.4,"2,523.0",0.0,0.0,0.0,0.0,0.0,0.0,67.7,0.0,0.0
,,,폐타일 및 도자기류,"18,381.3",0.0,226.3,"18,155.0",0.0,0.0,180.3,"18,155.0",0.0,0.0,0.0,0.0,0.0,0.0,46.0,0.0,0.0
,,,연탄재,"5,674.2","3,495.5","1,019.9","1,158.8",0.0,"3,495.5",784.3,"1,158.8",0.0,0.0,0.0,0.0,0.0,0.0,235.6,0.0,0.0
,,,기타,"22,891.9",0.0,"3,297.0","19,594.9",0.0,0.0,"2,635.8","19,594.9",0.0,0.0,0.0,0.0,0.0,0.0,661.2,0.0,0.0
,,건설폐재류,건설폐재류(공사장생활폐기물),"3,278.3",0.0,0.0,"3,278.3",0.0,0.0,0.0,"3,278.3",0.0,0.0,0.0,0.0,0.0,0.0,0.0,0.0,0.0
,,기타(배출불명등),,463.0,0.0,303.0,160.0,0.0,0.0,303.0,160.0,0.0,0.0,0.0,0.0,0.0,0.0,0.0,0.0,0.0
,"재활용 
가능자원
 분리배출",소계,,"121,802.4","119,427.0",35.1,"2,161.4",178.9,"61,939.7",35.1,"2,161.4",178.9,0.0,0.0,0.0,0.0,"57,487.3",0.0,0.0,0.0
,,폐지류,종이팩,"3,525.9","3,525.9",0.0,0.0,0.0,"3,515.6",0.0,0.0,0.0,0.0,0.0,0.0,0.0,10.3,0.0,0.0,0.0
,,,기타,"37,786.6","37,786.6",0.0,0.0,0.0,"4,937.5",0.0,0.0,0.0,0.0,0.0,0.0,0.0,"32,849.1",0.0,0.0,0.0
,,고철류,,"2,694.2","2,694.2",0.0,0.0,0.0,"1,369.6",0.0,0.0,0.0,0.0,0.0,0.0,0.0,"1,324.6",0.0,0.0,0.0
,,금속캔,,"3,296.1","3,296.1",0.0,0.0,0.0,"1,597.5",0.0,0.0,0.0,0.0,0.0,0.0,0.0,"1,698.6",0.0,0.0,0.0
,,폐합성수지류,비닐류,"4,329.6","4,329.6",0.0,0.0,0.0,"4,089.0",0.0,0.0,0.0,0.0,0.0,0.0,0.0,240.6,0.0,0.0,0.0
,,,발포수지류,"1,454.5","1,454.5",0.0,0.0,0.0,900.7,0.0,0.0,0.0,0.0,0.0,0.0,0.0,553.8,0.0,0.0,0.0
,,,PET병,"6,435.7","6,435.7",0.0,0.0,0.0,"4,127.9",0.0,0.0,0.0,0.0,0.0,0.0,0.0,"2,307.8",0.0,0.0,0.0
,,,기타,"12,656.2","12,656.2",0.0,0.0,0.0,"2,689.2",0.0,0.0,0.0,0.0,0.0,0.0,0.0,"9,967.0",0.0,0.0,0.0
,,폐고무류,,0.0,0.0,0.0,0.0,0.0,0.0,0.0,0.0,0.0,0.0,0.0,0.0,0.0,0.0,0.0,0.0,0.0
,,폐유리병류,,"6,798.0","6,798.0",0.0,0.0,0.0,"4,129.2",0.0,0.0,0.0,0.0,0.0,0.0,0.0,"2,668.8",0.0,0.0,0.0
,,폐의류,,"3,843.2","3,843.2",0.0,0.0,0.0,0.0,0.0,0.0,0.0,0.0,0.0,0.0,0.0,"3,843.2",0.0,0.0,0.0
,,폐섬유류,,0.0,0.0,0.0,0.0,0.0,0.0,0.0,0.0,0.0,0.0,0.0,0.0,0.0,0.0,0.0,0.0,0.0
,,조명폐기물,,73.4,73.4,0.0,0.0,0.0,28.0,0.0,0.0,0.0,0.0,0.0,0.0,0.0,45.4,0.0,0.0,0.0
,,폐전지류,,63.4,63.4,0.0,0.0,0.0,29.6,0.0,0.0,0.0,0.0,0.0,0.0,0.0,33.8,0.0,0.0,0.0
,,영농폐기물,농약용기류,303.3,303.3,0.0,0.0,0.0,303.3,0.0,0.0,0.0,0.0,0.0,0.0,0.0,0.0,0.0,0.0,0.0
,,,폐비닐,"19,501.8","19,501.8",0.0,0.0,0.0,"19,501.8",0.0,0.0,0.0,0.0,0.0,0.0,0.0,0.0,0.0,0.0,0.0
,,폐식용유,,0.0,0.0,0.0,0.0,0.0,0.0,0.0,0.0,0.0,0.0,0.0,0.0,0.0,0.0,0.0,0.0,0.0
,,폐전기전자제품,,"1,607.9","1,607.9",0.0,0.0,0.0,"1,175.8",0.0,0.0,0.0,0.0,0.0,0.0,0.0,432.1,0.0,0.0,0.0
,,폐가구류,,514.9,514.9,0.0,0.0,0.0,514.9,0.0,0.0,0.0,0.0,0.0,0.0,0.0,0.0,0.0,0.0,0.0
,,기타,,"1,189.6","1,189.6",0.0,0.0,0.0,"1,078.5",0.0,0.0,0.0,0.0,0.0,0.0,0.0,111.1,0.0,0.0,0.0
,,재활용 잔재물,,"15,728.1","13,352.7",35.1,"2,161.4",178.9,"11,951.6",35.1,"2,161.4",178.9,0.0,0.0,0.0,0.0,"1,401.1",0.0,0.0,0.0
,음식물류 폐기물 분리배출,,,"145,767.1","134,439.6","6,981.1","3,693.0",653.4,"94,812.2","6,981.1","3,693.0",0.0,"1,320.3",0.0,0.0,2.9,"38,307.1",0.0,0.0,650.5
충남,합계,,,"774,638.5","291,032.3","375,102.6","106,363.0","2,140.6","144,586.9","285,365.7","106,363.0","2,075.2","1,109.5",0.0,0.0,65.4,"145,335.9","89,736.9",0.0,0.0
,종량제방식 등 혼합배출,소계,,"471,247.4","2,996.3","363,386.1","104,865.0",0.0,376.4,"280,324.2","104,865.0",0.0,0.0,0.0,0.0,0.0,"2,619.9","83,061.9",0.0,0.0
,,가연성,소계,"403,228.9",376.4,"334,726.1","68,126.4",0.0,376.4,"259,493.1","68,126.4",0.0,0.0,0.0,0.0,0.0,0.0,"75,233.0",0.0,0.0
,,,폐지류,"110,524.2",0.0,"99,181.5","11,342.7",0.0,0.0,"76,216.7","11,342.7",0.0,0.0,0.0,0.0,0.0,0.0,"22,964.8",0.0,0.0
,,,폐합성수지류,"106,085.4",0.0,"85,012.7","21,072.7",0.0,0.0,"66,986.6","21,072.7",0.0,0.0,0.0,0.0,0.0,0.0,"18,026.1",0.0,0.0
,,,폐고무류,"11,073.3",0.0,"7,419.7","3,653.6",0.0,0.0,"6,555.0","3,653.6",0.0,0.0,0.0,0.0,0.0,0.0,864.7,0.0,0.0
,,,폐섬유류,"33,030.4",0.0,"28,241.4","4,789.0",0.0,0.0,"24,394.7","4,789.0",0.0,0.0,0.0,0.0,0.0,0.0,"3,846.7",0.0,0.0
,,,음식물류 폐기물,"40,402.8",0.0,"31,916.7","8,486.1",0.0,0.0,"27,133.3","8,486.1",0.0,0.0,0.0,0.0,0.0,0.0,"4,783.4",0.0,0.0
,,,폐목재류,"24,434.4",376.4,"21,226.0","2,832.0",0.0,376.4,"18,818.3","2,832.0",0.0,0.0,0.0,0.0,0.0,0.0,"2,407.7",0.0,0.0
,,,기타,"77,678.4",0.0,"61,728.1","15,950.3",0.0,0.0,"39,388.5","15,950.3",0.0,0.0,0.0,0.0,0.0,0.0,"22,339.6",0.0,0.0
,,불연성,소계,"61,212.0",0.0,"25,194.4","36,017.6",0.0,0.0,"18,718.7","36,017.6",0.0,0.0,0.0,0.0,0.0,0.0,"6,475.7",0.0,0.0
,,,폐금속류,"14,434.7",0.0,"9,684.1","4,750.6",0.0,0.0,"8,219.8","4,750.6",0.0,0.0,0.0,0.0,0.0,0.0,"1,464.3",0.0,0.0
,,,폐유리류,"22,349.9",0.0,"9,389.7","12,960.2",0.0,0.0,"7,013.8","12,960.2",0.0,0.0,0.0,0.0,0.0,0.0,"2,375.9",0.0,0.0
,,,폐토사류,"9,604.1",0.0,"2,389.6","7,214.5",0.0,0.0,"1,149.0","7,214.5",0.0,0.0,0.0,0.0,0.0,0.0,"1,240.6",0.0,0.0
,,,폐타일 및 도자기류,"3,123.1",0.0,936.7,"2,186.4",0.0,0.0,835.9,"2,186.4",0.0,0.0,0.0,0.0,0.0,0.0,100.8,0.0,0.0
,,,연탄재,"3,102.4",0.0,914.6,"2,187.8",0.0,0.0,238.4,"2,187.8",0.0,0.0,0.0,0.0,0.0,0.0,676.2,0.0,0.0
,,,기타,"8,597.8",0.0,"1,879.7","6,718.1",0.0,0.0,"1,261.8","6,718.1",0.0,0.0,0.0,0.0,0.0,0.0,617.9,0.0,0.0
,,건설폐재류,건설폐재류(공사장생활폐기물),"4,402.3","2,619.9","1,417.4",365.0,0.0,0.0,349.4,365.0,0.0,0.0,0.0,0.0,0.0,"2,619.9","1,068.0",0.0,0.0
,,기타(배출불명등),,"2,404.2",0.0,"2,048.2",356.0,0.0,0.0,"1,763.0",356.0,0.0,0.0,0.0,0.0,0.0,0.0,285.2,0.0,0.0
,"재활용 
가능자원
 분리배출",소계,,"120,799.3","107,681.4","11,619.5","1,498.0",0.4,"55,419.4","4,944.5","1,498.0",0.0,0.0,0.0,0.0,0.4,"52,262.0","6,675.0",0.0,0.0
,,폐지류,종이팩,478.7,478.7,0.0,0.0,0.0,110.1,0.0,0.0,0.0,0.0,0.0,0.0,0.0,368.6,0.0,0.0,0.0
,,,기타,"31,734.4","31,734.4",0.0,0.0,0.0,"2,724.6",0.0,0.0,0.0,0.0,0.0,0.0,0.0,"29,009.8",0.0,0.0,0.0
,,고철류,,"7,064.2","7,064.2",0.0,0.0,0.0,"1,661.9",0.0,0.0,0.0,0.0,0.0,0.0,0.0,"5,402.3",0.0,0.0,0.0
,,금속캔,,"3,015.9","3,015.9",0.0,0.0,0.0,920.5,0.0,0.0,0.0,0.0,0.0,0.0,0.0,"2,095.4",0.0,0.0,0.0
,,폐합성수지류,비닐류,"2,624.4","2,624.4",0.0,0.0,0.0,"2,335.6",0.0,0.0,0.0,0.0,0.0,0.0,0.0,288.8,0.0,0.0,0.0
,,,발포수지류,"1,973.7","1,973.7",0.0,0.0,0.0,"1,559.6",0.0,0.0,0.0,0.0,0.0,0.0,0.0,414.1,0.0,0.0,0.0
,,,PET병,"4,814.3","4,814.3",0.0,0.0,0.0,"4,385.6",0.0,0.0,0.0,0.0,0.0,0.0,0.0,428.7,0.0,0.0,0.0
,,,기타,"12,185.9","12,185.9",0.0,0.0,0.0,"10,683.5",0.0,0.0,0.0,0.0,0.0,0.0,0.0,"1,502.4",0.0,0.0,0.0
,,폐고무류,,27.8,27.8,0.0,0.0,0.0,16.7,0.0,0.0,0.0,0.0,0.0,0.0,0.0,11.1,0.0,0.0,0.0
,,폐유리병류,,"6,731.5","6,731.5",0.0,0.0,0.0,"3,926.0",0.0,0.0,0.0,0.0,0.0,0.0,0.0,"2,805.5",0.0,0.0,0.0
,,폐의류,,"2,121.4","2,121.4",0.0,0.0,0.0,54.7,0.0,0.0,0.0,0.0,0.0,0.0,0.0,"2,066.7",0.0,0.0,0.0
,,폐섬유류,,29.6,29.6,0.0,0.0,0.0,0.0,0.0,0.0,0.0,0.0,0.0,0.0,0.0,29.6,0.0,0.0,0.0
,,조명폐기물,,197.7,197.7,0.0,0.0,0.0,149.1,0.0,0.0,0.0,0.0,0.0,0.0,0.0,48.6,0.0,0.0,0.0
,,폐전지류,,147.5,147.5,0.0,0.0,0.0,125.6,0.0,0.0,0.0,0.0,0.0,0.0,0.0,21.9,0.0,0.0,0.0
,,영농폐기물,농약용기류,834.8,834.8,0.0,0.0,0.0,464.8,0.0,0.0,0.0,0.0,0.0,0.0,0.0,370.0,0.0,0.0,0.0
,,,폐비닐,"18,246.7","18,246.7",0.0,0.0,0.0,"18,216.7",0.0,0.0,0.0,0.0,0.0,0.0,0.0,30.0,0.0,0.0,0.0
,,폐식용유,,0.0,0.0,0.0,0.0,0.0,0.0,0.0,0.0,0.0,0.0,0.0,0.0,0.0,0.0,0.0,0.0,0.0
,,폐전기전자제품,,"3,558.3","3,558.3",0.0,0.0,0.0,"1,640.6",0.0,0.0,0.0,0.0,0.0,0.0,0.0,"1,917.7",0.0,0.0,0.0
,,폐가구류,,300.0,300.0,0.0,0.0,0.0,300.0,0.0,0.0,0.0,0.0,0.0,0.0,0.0,0.0,0.0,0.0,0.0
,,기타,,601.1,601.0,0.0,0.0,0.1,70.2,0.0,0.0,0.0,0.0,0.0,0.0,0.1,530.8,0.0,0.0,0.0
,,재활용 잔재물,,"24,111.4","10,993.6","11,619.5","1,498.0",0.3,"6,073.6","4,944.5","1,498.0",0.0,0.0,0.0,0.0,0.3,"4,920.0","6,675.0",0.0,0.0
,음식물류 폐기물 분리배출,,,"182,591.8","180,354.6",97.0,0.0,"2,140.2","88,791.1",97.0,0.0,"2,075.2","1,109.5",0.0,0.0,65.0,"90,454.0",0.0,0.0,0.0
전북,합계,,,"629,715.5","292,320.4","224,832.3","82,354.2","30,208.6","90,478.3","189,284.9","81,927.0",0.0,679.0,0.0,0.0,0.0,"201,163.1","35,547.4",427.2,"30,208.6"
,종량제방식 등 혼합배출,소계,,"307,251.2","13,072.4","218,040.2","76,138.6",0.0,"4,176.8","183,965.0","76,138.6",0.0,0.0,0.0,0.0,0.0,"8,895.6","34,075.2",0.0,0.0
,,가연성,소계,"257,430.7","12,961.6","203,434.3","41,034.8",0.0,"4,066.0","171,731.8","41,034.8",0.0,0.0,0.0,0.0,0.0,"8,895.6","31,702.5",0.0,0.0
,,,폐지류,"72,949.0","1,679.8","63,182.1","8,087.1",0.0,"1,679.8","56,231.7","8,087.1",0.0,0.0,0.0,0.0,0.0,0.0,"6,950.4",0.0,0.0
,,,폐합성수지류,"70,234.7","8,722.7","52,837.1","8,674.9",0.0,"1,574.6","46,187.0","8,674.9",0.0,0.0,0.0,0.0,0.0,"7,148.1","6,650.1",0.0,0.0
,,,폐고무류,"2,800.5",63.4,"2,453.1",284.0,0.0,63.4,"2,071.7",284.0,0.0,0.0,0.0,0.0,0.0,0.0,381.4,0.0,0.0
,,,폐섬유류,"18,195.2",50.8,"15,159.7","2,984.7",0.0,50.8,"13,847.6","2,984.7",0.0,0.0,0.0,0.0,0.0,0.0,"1,312.1",0.0,0.0
,,,음식물류 폐기물,"11,890.0",72.8,"9,248.1","2,569.1",0.0,72.8,"7,754.6","2,569.1",0.0,0.0,0.0,0.0,0.0,0.0,"1,493.5",0.0,0.0
,,,폐목재류,"23,862.6","1,924.2","14,771.9","7,166.5",0.0,176.7,"7,119.4","7,166.5",0.0,0.0,0.0,0.0,0.0,"1,747.5","7,652.5",0.0,0.0
,,,기타,"57,498.7",447.9,"45,782.3","11,268.5",0.0,447.9,"38,519.8","11,268.5",0.0,0.0,0.0,0.0,0.0,0.0,"7,262.5",0.0,0.0
,,불연성,소계,"49,677.6",110.8,"14,573.7","34,993.1",0.0,110.8,"12,233.2","34,993.1",0.0,0.0,0.0,0.0,0.0,0.0,"2,340.5",0.0,0.0
,,,폐금속류,"10,964.8",48.9,"4,179.2","6,736.7",0.0,48.9,"3,427.0","6,736.7",0.0,0.0,0.0,0.0,0.0,0.0,752.2,0.0,0.0
,,,폐유리류,"15,426.1",24.5,"3,388.0","12,013.6",0.0,24.5,"2,473.0","12,013.6",0.0,0.0,0.0,0.0,0.0,0.0,915.0,0.0,0.0
,,,폐토사류,"1,564.1",3.5,185.2,"1,375.4",0.0,3.5,71.1,"1,375.4",0.0,0.0,0.0,0.0,0.0,0.0,114.1,0.0,0.0
,,,폐타일 및 도자기류,705.8,2.1,74.9,628.8,0.0,2.1,20.3,628.8,0.0,0.0,0.0,0.0,0.0,0.0,54.6,0.0,0.0
,,,연탄재,"1,376.4",0.1,176.5,"1,199.8",0.0,0.1,25.4,"1,199.8",0.0,0.0,0.0,0.0,0.0,0.0,151.1,0.0,0.0
,,,기타,"19,640.4",31.7,"6,569.9","13,038.8",0.0,31.7,"6,216.4","13,038.8",0.0,0.0,0.0,0.0,0.0,0.0,353.5,0.0,0.0
,,건설폐재류,건설폐재류(공사장생활폐기물),94.5,0.0,0.0,94.5,0.0,0.0,0.0,94.5,0.0,0.0,0.0,0.0,0.0,0.0,0.0,0.0,0.0
,,기타(배출불명등),,48.4,0.0,32.2,16.2,0.0,0.0,0.0,16.2,0.0,0.0,0.0,0.0,0.0,0.0,32.2,0.0,0.0
,"재활용 
가능자원
 분리배출",소계,,"110,798.8","98,469.6","6,115.9","6,213.3",0.0,"54,979.5","4,643.7","5,786.1",0.0,0.0,0.0,0.0,0.0,"43,490.1","1,472.2",427.2,0.0
,,폐지류,종이팩,"3,552.9","3,552.9",0.0,0.0,0.0,140.5,0.0,0.0,0.0,0.0,0.0,0.0,0.0,"3,412.4",0.0,0.0,0.0
,,,기타,"20,911.4","20,911.4",0.0,0.0,0.0,"2,839.2",0.0,0.0,0.0,0.0,0.0,0.0,0.0,"18,072.2",0.0,0.0,0.0
,,고철류,,"1,703.5","1,703.5",0.0,0.0,0.0,"1,103.0",0.0,0.0,0.0,0.0,0.0,0.0,0.0,600.5,0.0,0.0,0.0
,,금속캔,,"1,847.6","1,847.6",0.0,0.0,0.0,"1,016.7",0.0,0.0,0.0,0.0,0.0,0.0,0.0,830.9,0.0,0.0,0.0
,,폐합성수지류,비닐류,"3,943.5","3,943.5",0.0,0.0,0.0,"2,022.4",0.0,0.0,0.0,0.0,0.0,0.0,0.0,"1,921.1",0.0,0.0,0.0
,,,발포수지류,"1,707.1","1,707.1",0.0,0.0,0.0,"1,112.6",0.0,0.0,0.0,0.0,0.0,0.0,0.0,594.5,0.0,0.0,0.0
,,,PET병,"7,124.7","7,124.7",0.0,0.0,0.0,"4,434.0",0.0,0.0,0.0,0.0,0.0,0.0,0.0,"2,690.7",0.0,0.0,0.0
,,,기타,"3,308.3","3,308.3",0.0,0.0,0.0,"2,484.6",0.0,0.0,0.0,0.0,0.0,0.0,0.0,823.7,0.0,0.0,0.0
,,폐고무류,,102.3,102.3,0.0,0.0,0.0,102.3,0.0,0.0,0.0,0.0,0.0,0.0,0.0,0.0,0.0,0.0,0.0
,,폐유리병류,,"7,598.3","7,598.3",0.0,0.0,0.0,"4,983.7",0.0,0.0,0.0,0.0,0.0,0.0,0.0,"2,614.6",0.0,0.0,0.0
,,폐의류,,"2,067.1","2,067.1",0.0,0.0,0.0,2.4,0.0,0.0,0.0,0.0,0.0,0.0,0.0,"2,064.7",0.0,0.0,0.0
,,폐섬유류,,0.0,0.0,0.0,0.0,0.0,0.0,0.0,0.0,0.0,0.0,0.0,0.0,0.0,0.0,0.0,0.0,0.0
,,조명폐기물,,278.3,278.3,0.0,0.0,0.0,151.7,0.0,0.0,0.0,0.0,0.0,0.0,0.0,126.6,0.0,0.0,0.0
,,폐전지류,,149.4,149.4,0.0,0.0,0.0,110.7,0.0,0.0,0.0,0.0,0.0,0.0,0.0,38.7,0.0,0.0,0.0
,,영농폐기물,농약용기류,485.3,485.3,0.0,0.0,0.0,475.9,0.0,0.0,0.0,0.0,0.0,0.0,0.0,9.4,0.0,0.0,0.0
,,,폐비닐,"22,816.0","22,816.0",0.0,0.0,0.0,"22,816.0",0.0,0.0,0.0,0.0,0.0,0.0,0.0,0.0,0.0,0.0,0.0
,,폐식용유,,4.0,4.0,0.0,0.0,0.0,4.0,0.0,0.0,0.0,0.0,0.0,0.0,0.0,0.0,0.0,0.0,0.0
,,폐전기전자제품,,"2,120.1","2,120.1",0.0,0.0,0.0,"1,975.4",0.0,0.0,0.0,0.0,0.0,0.0,0.0,144.7,0.0,0.0,0.0
,,폐가구류,,"1,017.2","1,017.2",0.0,0.0,0.0,720.2,0.0,0.0,0.0,0.0,0.0,0.0,0.0,297.0,0.0,0.0,0.0
,,기타,,"2,219.0","2,219.0",0.0,0.0,0.0,"2,202.8",0.0,0.0,0.0,0.0,0.0,0.0,0.0,16.2,0.0,0.0,0.0
,,재활용 잔재물,,"27,842.8","15,513.6","6,115.9","6,213.3",0.0,"6,281.4","4,643.7","5,786.1",0.0,0.0,0.0,0.0,0.0,"9,232.2","1,472.2",427.2,0.0
,음식물류 폐기물 분리배출,,,"211,665.5","180,778.4",676.2,2.3,"30,208.6","31,322.0",676.2,2.3,0.0,679.0,0.0,0.0,0.0,"148,777.4",0.0,0.0,"30,208.6"
전남,합계,,,"650,360.0","279,818.6","178,642.5","140,473.1","51,425.8","191,034.9","176,171.9","140,147.1","51,058.8","1,187.0",0.0,0.0,0.0,"87,596.7","2,470.6",326.0,367.0
,종량제방식 등 혼합배출,소계,,"343,309.4","16,584.6","161,947.4","114,743.4","50,034.0","11,273.3","160,185.6","114,417.4","50,034.0",0.0,0.0,0.0,0.0,"5,311.3","1,761.8",326.0,0.0
,,가연성,소계,"306,137.2","15,282.8","153,585.3","90,807.5","46,461.6","10,083.1","151,823.5","90,807.5","46,461.6",0.0,0.0,0.0,0.0,"5,199.7","1,761.8",0.0,0.0
,,,폐지류,"81,263.1","3,097.4","33,777.8","29,813.0","14,574.9","3,097.4","33,777.8","29,813.0","14,574.9",0.0,0.0,0.0,0.0,0.0,0.0,0.0,0.0
,,,폐합성수지류,"68,499.1","7,249.5","29,755.0","21,798.0","9,696.6","2,609.7","28,880.8","21,798.0","9,696.6",0.0,0.0,0.0,0.0,"4,639.8",874.2,0.0,0.0
,,,폐고무류,"4,928.9",304.7,"2,922.7","1,181.1",520.4,304.7,"2,922.7","1,181.1",520.4,0.0,0.0,0.0,0.0,0.0,0.0,0.0,0.0
,,,폐섬유류,"19,794.7",538.8,"15,340.5","1,834.0","2,081.4",538.8,"15,340.5","1,834.0","2,081.4",0.0,0.0,0.0,0.0,0.0,0.0,0.0,0.0
,,,음식물류 폐기물,"65,546.5",424.7,"57,167.8","5,182.1","2,771.9",424.7,"57,167.8","5,182.1","2,771.9",0.0,0.0,0.0,0.0,0.0,0.0,0.0,0.0
,,,폐목재류,"11,820.1","1,822.7","5,600.8","3,315.9","1,080.7","1,262.8","4,713.2","3,315.9","1,080.7",0.0,0.0,0.0,0.0,559.9,887.6,0.0,0.0
,,,기타,"54,284.8","1,845.0","9,020.7","27,683.4","15,735.7","1,845.0","9,020.7","27,683.4","15,735.7",0.0,0.0,0.0,0.0,0.0,0.0,0.0,0.0
,,불연성,소계,"36,684.9","1,168.0","8,129.8","23,814.7","3,572.4","1,168.0","8,129.8","23,488.7","3,572.4",0.0,0.0,0.0,0.0,0.0,0.0,326.0,0.0
,,,폐금속류,"8,163.6",640.0,"2,192.0","4,325.9","1,005.7",640.0,"2,192.0","4,325.9","1,005.7",0.0,0.0,0.0,0.0,0.0,0.0,0.0,0.0
,,,폐유리류,"9,265.9",318.6,"4,205.2","3,111.0","1,631.1",318.6,"4,205.2","3,111.0","1,631.1",0.0,0.0,0.0,0.0,0.0,0.0,0.0,0.0
,,,폐토사류,"1,731.8",71.2,616.4,944.1,100.1,71.2,616.4,944.1,100.1,0.0,0.0,0.0,0.0,0.0,0.0,0.0,0.0
,,,폐타일 및 도자기류,797.7,9.0,120.3,603.4,65.0,9.0,120.3,603.4,65.0,0.0,0.0,0.0,0.0,0.0,0.0,0.0,0.0
,,,연탄재,771.2,5.3,130.5,295.2,340.2,5.3,130.5,295.2,340.2,0.0,0.0,0.0,0.0,0.0,0.0,0.0,0.0
,,,기타,"15,954.7",123.9,865.4,"14,535.1",430.3,123.9,865.4,"14,209.1",430.3,0.0,0.0,0.0,0.0,0.0,0.0,326.0,0.0
,,건설폐재류,건설폐재류(공사장생활폐기물),230.0,111.6,3.2,115.2,0.0,0.0,3.2,115.2,0.0,0.0,0.0,0.0,0.0,111.6,0.0,0.0,0.0
,,기타(배출불명등),,257.3,22.2,229.1,6.0,0.0,22.2,229.1,6.0,0.0,0.0,0.0,0.0,0.0,0.0,0.0,0.0,0.0
,"재활용 
가능자원
 분리배출",소계,,"110,916.7","105,173.8","2,036.9","3,459.7",246.3,"72,909.6","2,036.9","3,459.7",246.3,0.0,0.0,0.0,0.0,"32,264.2",0.0,0.0,0.0
,,폐지류,종이팩,"3,642.4","3,642.4",0.0,0.0,0.0,"3,636.6",0.0,0.0,0.0,0.0,0.0,0.0,0.0,5.8,0.0,0.0,0.0
,,,기타,"22,920.6","22,920.6",0.0,0.0,0.0,"5,880.2",0.0,0.0,0.0,0.0,0.0,0.0,0.0,"17,040.4",0.0,0.0,0.0
,,고철류,,"1,899.9","1,899.9",0.0,0.0,0.0,"1,316.8",0.0,0.0,0.0,0.0,0.0,0.0,0.0,583.1,0.0,0.0,0.0
,,금속캔,,"2,328.0","2,328.0",0.0,0.0,0.0,"1,426.9",0.0,0.0,0.0,0.0,0.0,0.0,0.0,901.1,0.0,0.0,0.0
,,폐합성수지류,비닐류,"3,941.2","3,941.2",0.0,0.0,0.0,"3,894.7",0.0,0.0,0.0,0.0,0.0,0.0,0.0,46.5,0.0,0.0,0.0
,,,발포수지류,"2,067.3","2,067.3",0.0,0.0,0.0,"1,449.1",0.0,0.0,0.0,0.0,0.0,0.0,0.0,618.2,0.0,0.0,0.0
,,,PET병,"5,241.6","5,241.6",0.0,0.0,0.0,"3,161.6",0.0,0.0,0.0,0.0,0.0,0.0,0.0,"2,080.0",0.0,0.0,0.0
,,,기타,"6,174.1","6,174.1",0.0,0.0,0.0,"2,965.3",0.0,0.0,0.0,0.0,0.0,0.0,0.0,"3,208.8",0.0,0.0,0.0
,,폐고무류,,48.7,48.7,0.0,0.0,0.0,48.7,0.0,0.0,0.0,0.0,0.0,0.0,0.0,0.0,0.0,0.0,0.0
,,폐유리병류,,"5,494.4","5,494.4",0.0,0.0,0.0,"4,400.4",0.0,0.0,0.0,0.0,0.0,0.0,0.0,"1,094.0",0.0,0.0,0.0
,,폐의류,,"2,143.3","2,143.3",0.0,0.0,0.0,468.8,0.0,0.0,0.0,0.0,0.0,0.0,0.0,"1,674.5",0.0,0.0,0.0
,,폐섬유류,,27.0,27.0,0.0,0.0,0.0,27.0,0.0,0.0,0.0,0.0,0.0,0.0,0.0,0.0,0.0,0.0,0.0
,,조명폐기물,,490.4,490.4,0.0,0.0,0.0,451.4,0.0,0.0,0.0,0.0,0.0,0.0,0.0,39.0,0.0,0.0,0.0
,,폐전지류,,125.0,125.0,0.0,0.0,0.0,106.0,0.0,0.0,0.0,0.0,0.0,0.0,0.0,19.0,0.0,0.0,0.0
,,영농폐기물,농약용기류,"1,218.9","1,218.9",0.0,0.0,0.0,"1,218.9",0.0,0.0,0.0,0.0,0.0,0.0,0.0,0.0,0.0,0.0,0.0
,,,폐비닐,"35,025.3","35,025.3",0.0,0.0,0.0,"35,025.3",0.0,0.0,0.0,0.0,0.0,0.0,0.0,0.0,0.0,0.0,0.0
,,폐식용유,,26.0,26.0,0.0,0.0,0.0,26.0,0.0,0.0,0.0,0.0,0.0,0.0,0.0,0.0,0.0,0.0,0.0
,,폐전기전자제품,,"2,646.9","2,646.9",0.0,0.0,0.0,"2,156.7",0.0,0.0,0.0,0.0,0.0,0.0,0.0,490.2,0.0,0.0,0.0
,,폐가구류,,"4,659.8","4,659.8",0.0,0.0,0.0,198.8,0.0,0.0,0.0,0.0,0.0,0.0,0.0,"4,461.0",0.0,0.0,0.0
,,기타,,652.7,652.7,0.0,0.0,0.0,650.1,0.0,0.0,0.0,0.0,0.0,0.0,0.0,2.6,0.0,0.0,0.0
,,재활용 잔재물,,"10,143.2","4,400.3","2,036.9","3,459.7",246.3,"4,400.3","2,036.9","3,459.7",246.3,0.0,0.0,0.0,0.0,0.0,0.0,0.0,0.0
,음식물류 폐기물 분리배출,,,"196,133.9","158,060.2","14,658.2","22,270.0","1,145.5","106,852.0","13,949.4","22,270.0",778.5,"1,187.0",0.0,0.0,0.0,"50,021.2",708.8,0.0,367.0
경북,합계,,,"968,655.9","403,472.9","366,501.8","191,673.2","7,008.0","218,020.6","265,421.3","191,673.2","2,400.0","2,001.7",0.0,0.0,0.0,"183,450.6","101,080.5",0.0,"4,608.0"
,종량제방식 등 혼합배출,소계,,"598,750.4","63,298.4","344,117.4","186,396.6","4,938.0","41,510.9","244,728.7","186,396.6",330.0,0.0,0.0,0.0,0.0,"21,787.5","99,388.7",0.0,"4,608.0"
,,가연성,소계,"436,173.2","62,055.4","321,246.9","47,932.9","4,938.0","41,407.1","232,744.5","47,932.9",330.0,0.0,0.0,0.0,0.0,"20,648.3","88,502.4",0.0,"4,608.0"
,,,폐지류,"126,099.9","11,147.5","100,385.7","14,566.7",0.0,"9,956.1","76,689.2","14,566.7",0.0,0.0,0.0,0.0,0.0,"1,191.4","23,696.5",0.0,0.0
,,,폐합성수지류,"127,672.1","19,147.8","93,516.6","14,897.4",110.3,"17,687.1","68,747.9","14,897.4",110.3,0.0,0.0,0.0,0.0,"1,460.7","24,768.7",0.0,0.0
,,,폐고무류,"8,012.1",659.0,"6,049.2","1,303.9",0.0,522.2,"4,132.9","1,303.9",0.0,0.0,0.0,0.0,0.0,136.8,"1,916.3",0.0,0.0
,,,폐섬유류,"20,116.9",239.5,"16,979.3","2,888.9",9.2,7.7,"12,379.1","2,888.9",9.2,0.0,0.0,0.0,0.0,231.8,"4,600.2",0.0,0.0
,,,음식물류 폐기물,"27,772.5",0.0,"24,594.2","3,178.3",0.0,0.0,"17,091.0","3,178.3",0.0,0.0,0.0,0.0,0.0,0.0,"7,503.2",0.0,0.0
,,,폐목재류,"41,652.2","24,234.5","10,905.9","1,693.3","4,818.5","7,721.1","7,168.9","1,693.3",210.5,0.0,0.0,0.0,0.0,"16,513.4","3,737.0",0.0,"4,608.0"
,,,기타,"84,847.5","6,627.1","68,816.0","9,404.4",0.0,"5,512.9","46,535.5","9,404.4",0.0,0.0,0.0,0.0,0.0,"1,114.2","22,280.5",0.0,0.0
,,불연성,소계,"140,181.7",954.4,"12,246.4","126,980.9",0.0,103.8,"9,594.6","126,980.9",0.0,0.0,0.0,0.0,0.0,850.6,"2,651.8",0.0,0.0
,,,폐금속류,"28,167.1",421.1,"3,134.5","24,611.5",0.0,86.8,"2,567.7","24,611.5",0.0,0.0,0.0,0.0,0.0,334.3,566.8,0.0,0.0
,,,폐유리류,"36,998.0",429.9,"6,206.3","30,361.8",0.0,17.0,"4,897.9","30,361.8",0.0,0.0,0.0,0.0,0.0,412.9,"1,308.4",0.0,0.0
,,,폐토사류,"22,958.2",0.0,377.2,"22,581.0",0.0,0.0,281.6,"22,581.0",0.0,0.0,0.0,0.0,0.0,0.0,95.6,0.0,0.0
,,,폐타일 및 도자기류,"3,801.9",0.0,642.0,"3,159.9",0.0,0.0,497.7,"3,159.9",0.0,0.0,0.0,0.0,0.0,0.0,144.3,0.0,0.0
,,,연탄재,"5,858.3",0.0,956.8,"4,901.5",0.0,0.0,529.3,"4,901.5",0.0,0.0,0.0,0.0,0.0,0.0,427.5,0.0,0.0
,,,기타,"42,398.2",103.4,929.6,"41,365.2",0.0,0.0,820.4,"41,365.2",0.0,0.0,0.0,0.0,0.0,103.4,109.2,0.0,0.0
,,건설폐재류,건설폐재류(공사장생활폐기물),"9,623.6",0.0,642.4,"8,981.2",0.0,0.0,642.4,"8,981.2",0.0,0.0,0.0,0.0,0.0,0.0,0.0,0.0,0.0
,,기타(배출불명등),,"12,771.9",288.6,"9,981.7","2,501.6",0.0,0.0,"1,747.2","2,501.6",0.0,0.0,0.0,0.0,0.0,288.6,"8,234.5",0.0,0.0
,"재활용 
가능자원
 분리배출",소계,,"132,212.2","117,201.4","12,286.0","2,724.8",0.0,"70,508.5","12,286.0","2,724.8",0.0,0.0,0.0,0.0,0.0,"46,692.9",0.0,0.0,0.0
,,폐지류,종이팩,292.8,292.8,0.0,0.0,0.0,262.5,0.0,0.0,0.0,0.0,0.0,0.0,0.0,30.3,0.0,0.0,0.0
,,,기타,"27,032.1","27,032.1",0.0,0.0,0.0,"3,093.1",0.0,0.0,0.0,0.0,0.0,0.0,0.0,"23,939.0",0.0,0.0,0.0
,,고철류,,"2,118.3","2,118.3",0.0,0.0,0.0,"1,442.3",0.0,0.0,0.0,0.0,0.0,0.0,0.0,676.0,0.0,0.0,0.0
,,금속캔,,"2,528.6","2,528.6",0.0,0.0,0.0,"1,432.1",0.0,0.0,0.0,0.0,0.0,0.0,0.0,"1,096.5",0.0,0.0,0.0
,,폐합성수지류,비닐류,"2,193.4","2,193.4",0.0,0.0,0.0,"2,173.5",0.0,0.0,0.0,0.0,0.0,0.0,0.0,19.9,0.0,0.0,0.0
,,,발포수지류,"1,372.7","1,372.7",0.0,0.0,0.0,"1,129.5",0.0,0.0,0.0,0.0,0.0,0.0,0.0,243.2,0.0,0.0,0.0
,,,PET병,"7,958.1","7,958.1",0.0,0.0,0.0,"4,838.1",0.0,0.0,0.0,0.0,0.0,0.0,0.0,"3,120.0",0.0,0.0,0.0
,,,기타,"7,850.5","7,850.5",0.0,0.0,0.0,"2,408.2",0.0,0.0,0.0,0.0,0.0,0.0,0.0,"5,442.3",0.0,0.0,0.0
,,폐고무류,,121.9,121.9,0.0,0.0,0.0,121.9,0.0,0.0,0.0,0.0,0.0,0.0,0.0,0.0,0.0,0.0,0.0
,,폐유리병류,,"9,287.4","9,287.4",0.0,0.0,0.0,"6,431.7",0.0,0.0,0.0,0.0,0.0,0.0,0.0,"2,855.7",0.0,0.0,0.0
,,폐의류,,"2,640.7","2,640.7",0.0,0.0,0.0,39.9,0.0,0.0,0.0,0.0,0.0,0.0,0.0,"2,600.8",0.0,0.0,0.0
,,폐섬유류,,"1,494.9","1,494.9",0.0,0.0,0.0,"1,144.0",0.0,0.0,0.0,0.0,0.0,0.0,0.0,350.9,0.0,0.0,0.0
,,조명폐기물,,145.0,145.0,0.0,0.0,0.0,105.0,0.0,0.0,0.0,0.0,0.0,0.0,0.0,40.0,0.0,0.0,0.0
,,폐전지류,,145.8,145.8,0.0,0.0,0.0,99.6,0.0,0.0,0.0,0.0,0.0,0.0,0.0,46.2,0.0,0.0,0.0
,,영농폐기물,농약용기류,862.3,862.3,0.0,0.0,0.0,862.3,0.0,0.0,0.0,0.0,0.0,0.0,0.0,0.0,0.0,0.0,0.0
,,,폐비닐,"37,158.2","37,158.2",0.0,0.0,0.0,"36,580.2",0.0,0.0,0.0,0.0,0.0,0.0,0.0,578.0,0.0,0.0,0.0
,,폐식용유,,13.7,13.7,0.0,0.0,0.0,13.7,0.0,0.0,0.0,0.0,0.0,0.0,0.0,0.0,0.0,0.0,0.0
,,폐전기전자제품,,"4,611.2","4,611.2",0.0,0.0,0.0,"3,409.2",0.0,0.0,0.0,0.0,0.0,0.0,0.0,"1,202.0",0.0,0.0,0.0
,,폐가구류,,"2,429.8","2,429.8",0.0,0.0,0.0,0.0,0.0,0.0,0.0,0.0,0.0,0.0,0.0,"2,429.8",0.0,0.0,0.0
,,기타,,"2,825.5","2,825.5",0.0,0.0,0.0,803.2,0.0,0.0,0.0,0.0,0.0,0.0,0.0,"2,022.3",0.0,0.0,0.0
,,재활용 잔재물,,"19,129.3","4,118.5","12,286.0","2,724.8",0.0,"4,118.5","12,286.0","2,724.8",0.0,0.0,0.0,0.0,0.0,0.0,0.0,0.0,0.0
,음식물류 폐기물 분리배출,,,"237,693.3","222,973.1","10,098.4","2,551.8","2,070.0","106,001.2","8,406.6","2,551.8","2,070.0","2,001.7",0.0,0.0,0.0,"114,970.2","1,691.8",0.0,0.0
경남,합계,,,"1,224,390.6","618,250.8","408,957.9","197,181.9",0.0,"341,090.0","404,526.9","197,145.2",0.0,"4,262.9",394.9,36.7,0.0,"272,897.9","4,036.1",0.0,0.0
,종량제방식 등 혼합배출,소계,,"580,754.0","20,465.6","371,480.3","188,808.1",0.0,"11,193.3","368,032.3","188,808.1",0.0,0.0,0.0,0.0,0.0,"9,272.3","3,448.0",0.0,0.0
,,가연성,소계,"453,706.0","19,089.8","332,854.9","101,761.3",0.0,"9,954.1","329,406.9","101,761.3",0.0,0.0,0.0,0.0,0.0,"9,135.7","3,448.0",0.0,0.0
,,,폐지류,"153,666.0","3,715.1","119,550.3","30,400.6",0.0,"3,715.1","119,550.3","30,400.6",0.0,0.0,0.0,0.0,0.0,0.0,0.0,0.0,0.0
,,,폐합성수지류,"113,996.5","9,937.0","77,096.4","26,963.1",0.0,"2,999.4","73,648.4","26,963.1",0.0,0.0,0.0,0.0,0.0,"6,937.6","3,448.0",0.0,0.0
,,,폐고무류,"10,788.3",49.0,"8,994.5","1,744.8",0.0,49.0,"8,994.5","1,744.8",0.0,0.0,0.0,0.0,0.0,0.0,0.0,0.0,0.0
,,,폐섬유류,"30,810.6",827.6,"23,621.6","6,361.4",0.0,827.6,"23,621.6","6,361.4",0.0,0.0,0.0,0.0,0.0,0.0,0.0,0.0,0.0
,,,음식물류 폐기물,"46,829.9","1,220.0","36,333.7","9,276.2",0.0,"1,220.0","36,333.7","9,276.2",0.0,0.0,0.0,0.0,0.0,0.0,0.0,0.0,0.0
,,,폐목재류,"38,442.5","2,604.1","31,042.8","4,795.6",0.0,406.0,"31,042.8","4,795.6",0.0,0.0,0.0,0.0,0.0,"2,198.1",0.0,0.0,0.0
,,,기타,"59,172.2",737.0,"36,215.6","22,219.6",0.0,737.0,"36,215.6","22,219.6",0.0,0.0,0.0,0.0,0.0,0.0,0.0,0.0,0.0
,,불연성,소계,"85,838.6","1,239.2","22,114.8","62,484.6",0.0,"1,239.2","22,114.8","62,484.6",0.0,0.0,0.0,0.0,0.0,0.0,0.0,0.0,0.0
,,,폐금속류,"22,594.8",488.4,"10,523.3","11,583.1",0.0,488.4,"10,523.3","11,583.1",0.0,0.0,0.0,0.0,0.0,0.0,0.0,0.0,0.0
,,,폐유리류,"27,261.1",577.8,"9,829.7","16,853.6",0.0,577.8,"9,829.7","16,853.6",0.0,0.0,0.0,0.0,0.0,0.0,0.0,0.0,0.0
,,,폐토사류,"5,982.2",59.0,179.9,"5,743.3",0.0,59.0,179.9,"5,743.3",0.0,0.0,0.0,0.0,0.0,0.0,0.0,0.0,0.0
,,,폐타일 및 도자기류,"5,022.8",19.0,100.3,"4,903.5",0.0,19.0,100.3,"4,903.5",0.0,0.0,0.0,0.0,0.0,0.0,0.0,0.0,0.0
,,,연탄재,"1,786.9",16.0,305.5,"1,465.4",0.0,16.0,305.5,"1,465.4",0.0,0.0,0.0,0.0,0.0,0.0,0.0,0.0,0.0
,,,기타,"23,190.8",79.0,"1,176.1","21,935.7",0.0,79.0,"1,176.1","21,935.7",0.0,0.0,0.0,0.0,0.0,0.0,0.0,0.0,0.0
,,건설폐재류,건설폐재류(공사장생활폐기물),"22,091.7",136.6,"9,397.3","12,557.8",0.0,0.0,"9,397.3","12,557.8",0.0,0.0,0.0,0.0,0.0,136.6,0.0,0.0,0.0
,,기타(배출불명등),,"19,117.7",0.0,"7,113.3","12,004.4",0.0,0.0,"7,113.3","12,004.4",0.0,0.0,0.0,0.0,0.0,0.0,0.0,0.0,0.0
,"재활용 
가능자원
 분리배출",소계,,"344,750.4","324,370.6","16,269.7","4,110.1",0.0,"111,425.0","15,286.7","4,073.4",0.0,764.1,394.9,36.7,0.0,"212,181.5",588.1,0.0,0.0
,,폐지류,종이팩,"1,103.6","1,103.6",0.0,0.0,0.0,"1,057.5",0.0,0.0,0.0,0.0,0.0,0.0,0.0,46.1,0.0,0.0,0.0
,,,기타,"127,593.2","127,593.2",0.0,0.0,0.0,"36,946.5",0.0,0.0,0.0,0.0,0.0,0.0,0.0,"90,646.7",0.0,0.0,0.0
,,고철류,,"15,639.4","15,639.4",0.0,0.0,0.0,"1,743.3",0.0,0.0,0.0,0.0,0.0,0.0,0.0,"13,896.1",0.0,0.0,0.0
,,금속캔,,"6,629.6","6,629.6",0.0,0.0,0.0,"2,345.6",0.0,0.0,0.0,0.0,0.0,0.0,0.0,"4,284.0",0.0,0.0,0.0
,,폐합성수지류,비닐류,"21,652.6","21,652.6",0.0,0.0,0.0,"10,189.2",0.0,0.0,0.0,0.0,0.0,0.0,0.0,"11,463.4",0.0,0.0,0.0
,,,발포수지류,"3,548.4","3,548.4",0.0,0.0,0.0,"1,422.7",0.0,0.0,0.0,0.0,0.0,0.0,0.0,"2,125.7",0.0,0.0,0.0
,,,PET병,"14,871.4","14,871.4",0.0,0.0,0.0,"9,452.3",0.0,0.0,0.0,0.0,0.0,0.0,0.0,"5,419.1",0.0,0.0,0.0
,,,기타,"26,991.1","26,991.1",0.0,0.0,0.0,"7,495.7",0.0,0.0,0.0,0.0,0.0,0.0,0.0,"19,495.4",0.0,0.0,0.0
,,폐고무류,,"5,873.3","5,873.3",0.0,0.0,0.0,13.9,0.0,0.0,0.0,0.0,0.0,0.0,0.0,"5,859.4",0.0,0.0,0.0
,,폐유리병류,,"19,110.4","19,110.4",0.0,0.0,0.0,"9,989.2",0.0,0.0,0.0,0.0,0.0,0.0,0.0,"9,121.2",0.0,0.0,0.0
,,폐의류,,"9,188.1","9,188.1",0.0,0.0,0.0,59.6,0.0,0.0,0.0,0.0,0.0,0.0,0.0,"9,128.5",0.0,0.0,0.0
,,폐섬유류,,21.8,21.8,0.0,0.0,0.0,12.6,0.0,0.0,0.0,0.0,0.0,0.0,0.0,9.2,0.0,0.0,0.0
,,조명폐기물,,317.2,317.2,0.0,0.0,0.0,280.1,0.0,0.0,0.0,0.0,0.0,0.0,0.0,37.1,0.0,0.0,0.0
,,폐전지류,,234.3,234.3,0.0,0.0,0.0,171.5,0.0,0.0,0.0,0.0,0.0,0.0,0.0,62.8,0.0,0.0,0.0
,,영농폐기물,농약용기류,671.9,671.9,0.0,0.0,0.0,650.0,0.0,0.0,0.0,0.0,0.0,0.0,0.0,21.9,0.0,0.0,0.0
,,,폐비닐,"20,996.4","20,996.4",0.0,0.0,0.0,"20,646.4",0.0,0.0,0.0,0.0,0.0,0.0,0.0,350.0,0.0,0.0,0.0
,,폐식용유,,313.0,313.0,0.0,0.0,0.0,0.0,0.0,0.0,0.0,0.0,0.0,0.0,0.0,313.0,0.0,0.0,0.0
,,폐전기전자제품,,"8,456.3","8,456.3",0.0,0.0,0.0,"6,015.6",0.0,0.0,0.0,0.0,0.0,0.0,0.0,"2,440.7",0.0,0.0,0.0
,,폐가구류,,"18,043.2","18,043.2",0.0,0.0,0.0,11.0,0.0,0.0,0.0,0.0,0.0,0.0,0.0,"18,032.2",0.0,0.0,0.0
,,기타,,"2,978.1","2,978.1",0.0,0.0,0.0,"2,487.5",0.0,0.0,0.0,0.0,0.0,0.0,0.0,490.6,0.0,0.0,0.0
,,재활용 잔재물,,"40,517.1","20,137.3","16,269.7","4,110.1",0.0,434.8,"15,286.7","4,073.4",0.0,764.1,394.9,36.7,0.0,"18,938.4",588.1,0.0,0.0
,음식물류 폐기물 분리배출,,,"298,886.2","273,414.6","21,207.9","4,263.7",0.0,"218,471.7","21,207.9","4,263.7",0.0,"3,498.8",0.0,0.0,0.0,"51,444.1",0.0,0.0,0.0
제주,합계,,,"412,385.5","268,493.2","131,921.4","11,970.8",0.1,"98,791.6","131,921.4","11,970.8",0.0,"3,423.0",0.0,0.0,0.0,"166,278.6",0.0,0.0,0.1
,종량제방식 등 혼합배출,소계,,"134,845.2",0.0,"124,355.4","10,489.8",0.0,0.0,"124,355.4","10,489.8",0.0,0.0,0.0,0.0,0.0,0.0,0.0,0.0,0.0
,,가연성,소계,"121,715.3",0.0,"121,339.1",376.2,0.0,0.0,"121,339.1",376.2,0.0,0.0,0.0,0.0,0.0,0.0,0.0,0.0,0.0
,,,폐지류,"36,929.0",0.0,"36,929.0",0.0,0.0,0.0,"36,929.0",0.0,0.0,0.0,0.0,0.0,0.0,0.0,0.0,0.0,0.0
,,,폐합성수지류,"32,604.9",0.0,"32,228.7",376.2,0.0,0.0,"32,228.7",376.2,0.0,0.0,0.0,0.0,0.0,0.0,0.0,0.0,0.0
,,,폐고무류,"1,567.0",0.0,"1,567.0",0.0,0.0,0.0,"1,567.0",0.0,0.0,0.0,0.0,0.0,0.0,0.0,0.0,0.0,0.0
,,,폐섬유류,"10,699.3",0.0,"10,699.3",0.0,0.0,0.0,"10,699.3",0.0,0.0,0.0,0.0,0.0,0.0,0.0,0.0,0.0,0.0
,,,음식물류 폐기물,"9,543.3",0.0,"9,543.3",0.0,0.0,0.0,"9,543.3",0.0,0.0,0.0,0.0,0.0,0.0,0.0,0.0,0.0,0.0
,,,폐목재류,"13,079.0",0.0,"13,079.0",0.0,0.0,0.0,"13,079.0",0.0,0.0,0.0,0.0,0.0,0.0,0.0,0.0,0.0,0.0
,,,기타,"17,292.8",0.0,"17,292.8",0.0,0.0,0.0,"17,292.8",0.0,0.0,0.0,0.0,0.0,0.0,0.0,0.0,0.0,0.0
,,불연성,소계,"9,861.7",0.0,"3,016.3","6,845.4",0.0,0.0,"3,016.3","6,845.4",0.0,0.0,0.0,0.0,0.0,0.0,0.0,0.0,0.0
,,,폐금속류,"1,316.6",0.0,"1,316.6",0.0,0.0,0.0,"1,316.6",0.0,0.0,0.0,0.0,0.0,0.0,0.0,0.0,0.0,0.0
,,,폐유리류,"2,214.1",0.0,"1,699.7",514.4,0.0,0.0,"1,699.7",514.4,0.0,0.0,0.0,0.0,0.0,0.0,0.0,0.0,0.0
,,,폐토사류,0.0,0.0,0.0,0.0,0.0,0.0,0.0,0.0,0.0,0.0,0.0,0.0,0.0,0.0,0.0,0.0,0.0
,,,폐타일 및 도자기류,0.0,0.0,0.0,0.0,0.0,0.0,0.0,0.0,0.0,0.0,0.0,0.0,0.0,0.0,0.0,0.0,0.0
,,,연탄재,0.0,0.0,0.0,0.0,0.0,0.0,0.0,0.0,0.0,0.0,0.0,0.0,0.0,0.0,0.0,0.0,0.0
,,,기타,"6,331.0",0.0,0.0,"6,331.0",0.0,0.0,0.0,"6,331.0",0.0,0.0,0.0,0.0,0.0,0.0,0.0,0.0,0.0
,,건설폐재류,건설폐재류(공사장생활폐기물),"3,268.2",0.0,0.0,"3,268.2",0.0,0.0,0.0,"3,268.2",0.0,0.0,0.0,0.0,0.0,0.0,0.0,0.0,0.0
,,기타(배출불명등),,0.0,0.0,0.0,0.0,0.0,0.0,0.0,0.0,0.0,0.0,0.0,0.0,0.0,0.0,0.0,0.0,0.0
,"재활용 
가능자원
 분리배출",소계,,"193,669.0","185,265.9","7,566.0",837.0,0.1,"20,415.6","7,566.0",837.0,0.0,0.0,0.0,0.0,0.0,"164,850.3",0.0,0.0,0.1
,,폐지류,종이팩,98.4,98.4,0.0,0.0,0.0,0.0,0.0,0.0,0.0,0.0,0.0,0.0,0.0,98.4,0.0,0.0,0.0
,,,기타,"81,842.7","81,842.7",0.0,0.0,0.0,"2,932.9",0.0,0.0,0.0,0.0,0.0,0.0,0.0,"78,909.8",0.0,0.0,0.0
,,고철류,,"62,409.9","62,409.9",0.0,0.0,0.0,"2,077.8",0.0,0.0,0.0,0.0,0.0,0.0,0.0,"60,332.1",0.0,0.0,0.0
,,금속캔,,"2,940.3","2,940.3",0.0,0.0,0.0,"1,321.6",0.0,0.0,0.0,0.0,0.0,0.0,0.0,"1,618.7",0.0,0.0,0.0
,,폐합성수지류,비닐류,"3,813.7","3,813.7",0.0,0.0,0.0,"2,716.7",0.0,0.0,0.0,0.0,0.0,0.0,0.0,"1,097.0",0.0,0.0,0.0
,,,발포수지류,"1,337.5","1,337.5",0.0,0.0,0.0,807.9,0.0,0.0,0.0,0.0,0.0,0.0,0.0,529.6,0.0,0.0,0.0
,,,PET병,"4,275.3","4,275.3",0.0,0.0,0.0,"4,258.0",0.0,0.0,0.0,0.0,0.0,0.0,0.0,17.3,0.0,0.0,0.0
,,,기타,"6,233.9","6,233.9",0.0,0.0,0.0,"5,126.8",0.0,0.0,0.0,0.0,0.0,0.0,0.0,"1,107.1",0.0,0.0,0.0
,,폐고무류,,0.0,0.0,0.0,0.0,0.0,0.0,0.0,0.0,0.0,0.0,0.0,0.0,0.0,0.0,0.0,0.0,0.0
,,폐유리병류,,"6,920.9","6,920.9",0.0,0.0,0.0,899.1,0.0,0.0,0.0,0.0,0.0,0.0,0.0,"6,021.8",0.0,0.0,0.0
,,폐의류,,"1,389.5","1,389.5",0.0,0.0,0.0,0.0,0.0,0.0,0.0,0.0,0.0,0.0,0.0,"1,389.5",0.0,0.0,0.0
,,폐섬유류,,0.0,0.0,0.0,0.0,0.0,0.0,0.0,0.0,0.0,0.0,0.0,0.0,0.0,0.0,0.0,0.0,0.0
,,조명폐기물,,154.9,154.9,0.0,0.0,0.0,0.0,0.0,0.0,0.0,0.0,0.0,0.0,0.0,154.9,0.0,0.0,0.0
,,폐전지류,,79.4,79.4,0.0,0.0,0.0,0.0,0.0,0.0,0.0,0.0,0.0,0.0,0.0,79.4,0.0,0.0,0.0
,,영농폐기물,농약용기류,348.4,348.4,0.0,0.0,0.0,0.0,0.0,0.0,0.0,0.0,0.0,0.0,0.0,348.4,0.0,0.0,0.0
,,,폐비닐,"5,999.7","5,999.7",0.0,0.0,0.0,0.0,0.0,0.0,0.0,0.0,0.0,0.0,0.0,"5,999.7",0.0,0.0,0.0
,,폐식용유,,0.0,0.0,0.0,0.0,0.0,0.0,0.0,0.0,0.0,0.0,0.0,0.0,0.0,0.0,0.0,0.0,0.0
,,폐전기전자제품,,"7,146.5","7,146.5",0.0,0.0,0.0,0.0,0.0,0.0,0.0,0.0,0.0,0.0,0.0,"7,146.5",0.0,0.0,0.0
,,폐가구류,,0.0,0.0,0.0,0.0,0.0,0.0,0.0,0.0,0.0,0.0,0.0,0.0,0.0,0.0,0.0,0.0,0.0
,,기타,,275.0,274.9,0.0,0.0,0.1,274.8,0.0,0.0,0.0,0.0,0.0,0.0,0.0,0.1,0.0,0.0,0.1
,,재활용 잔재물,,"8,403.0",0.0,"7,566.0",837.0,0.0,0.0,"7,566.0",837.0,0.0,0.0,0.0,0.0,0.0,0.0,0.0,0.0,0.0
,음식물류 폐기물 분리배출,,,"83,871.3","83,227.3",0.0,644.0,0.0,"78,376.0",0.0,644.0,0.0,"3,423.0",0.0,0.0,0.0,"1,428.3",0.0,0.0,0.0